segment_id,episode_sequence_number,episode_type,reason_code,row_count,row_percent
1,1,QUALITY_AFFECTED,INSUFFICIENT_WINDOW,1,100.0
1,1,QUALITY_AFFECTED,LOW_LOCAL_VARIABILITY,1,100.0
1,1,QUALITY_AFFECTED,NEAR_GAP,1,100.0
2,1,QUALITY_AFFECTED,INSUFFICIENT_WINDOW,2,100.0
2,1,QUALITY_AFFECTED,LOW_LOCAL_VARIABILITY,2,100.0
2,1,QUALITY_AFFECTED,NEAR_GAP,2,100.0
2,1,QUALITY_AFFECTED,PERSISTENCE_ADJUSTED_STATE,1,50.0
2,1,QUALITY_AFFECTED,SHORT_MEDIUM_SLOPE_AGREEMENT,1,50.0
2,1,QUALITY_AFFECTED,SHORT_SLOPE_POSITIVE,1,50.0
2,2,STABLE_LOW,AMBIGUOUS_BUT_LOW_INSTABILITY,50,84.75
2,2,STABLE_LOW,LONG_STABLE_DURATION,59,100.0
2,2,STABLE_LOW,LOW_LOCAL_VARIABILITY,59,100.0
2,2,STABLE_LOW,PERSISTENCE_ADJUSTED_STATE,2,3.39
2,2,STABLE_LOW,RAW_SMOOTHED_DISAGREEMENT,3,5.08
2,2,STABLE_LOW,REPEATED_SIGN_CHANGES,2,3.39
2,2,STABLE_LOW,SHORT_MEDIUM_SLOPE_AGREEMENT,34,57.63
2,2,STABLE_LOW,SLOPE_BELOW_TREND_THRESHOLD,50,84.75
2,2,STABLE_LOW,SLOPE_WITHIN_STABLE_THRESHOLD,7,11.86
2,2,STABLE_LOW,SUFFICIENT_WINDOW,59,100.0
3,1,QUALITY_AFFECTED,INSUFFICIENT_WINDOW,1,100.0
3,1,QUALITY_AFFECTED,LOW_LOCAL_VARIABILITY,1,100.0
3,1,QUALITY_AFFECTED,NEAR_GAP,1,100.0
3,2,UNSTABLE_TRANSITION,INSUFFICIENT_WINDOW,1,100.0
3,2,UNSTABLE_TRANSITION,LOW_LOCAL_VARIABILITY,1,100.0
3,2,UNSTABLE_TRANSITION,NEAR_GAP,1,100.0
3,2,UNSTABLE_TRANSITION,SHORT_MEDIUM_SLOPE_AGREEMENT,1,100.0
3,2,UNSTABLE_TRANSITION,SHORT_SLOPE_NEGATIVE,1,100.0
4,1,QUALITY_AFFECTED,INSUFFICIENT_WINDOW,2,100.0
4,1,QUALITY_AFFECTED,LOW_LOCAL_VARIABILITY,2,100.0
4,1,QUALITY_AFFECTED,NEAR_GAP,2,100.0
4,1,QUALITY_AFFECTED,PERSISTENCE_ADJUSTED_STATE,1,50.0
4,1,QUALITY_AFFECTED,SHORT_MEDIUM_SLOPE_AGREEMENT,1,50.0
4,1,QUALITY_AFFECTED,SHORT_SLOPE_NEGATIVE,1,50.0
4,2,STABLE_LOW,AMBIGUOUS_BUT_LOW_INSTABILITY,20,83.33
4,2,STABLE_LOW,LONG_STABLE_DURATION,24,100.0
4,2,STABLE_LOW,LOW_LOCAL_VARIABILITY,24,100.0
4,2,STABLE_LOW,PERSISTENCE_ADJUSTED_STATE,3,12.5
4,2,STABLE_LOW,RAW_SMOOTHED_DISAGREEMENT,3,12.5
4,2,STABLE_LOW,REPEATED_SIGN_CHANGES,3,12.5
4,2,STABLE_LOW,SHORT_MEDIUM_SLOPE_AGREEMENT,15,62.5
4,2,STABLE_LOW,SLOPE_BELOW_TREND_THRESHOLD,20,83.33
4,2,STABLE_LOW,SLOPE_WITHIN_STABLE_THRESHOLD,1,4.17
4,2,STABLE_LOW,SUFFICIENT_WINDOW,24,100.0
5,1,QUALITY_AFFECTED,INSUFFICIENT_WINDOW,1,100.0
5,1,QUALITY_AFFECTED,LOW_LOCAL_VARIABILITY,1,100.0
5,1,QUALITY_AFFECTED,NEAR_GAP,1,100.0
5,2,STABLE_LOW,AMBIGUOUS_BUT_LOW_INSTABILITY,70,85.37
5,2,STABLE_LOW,INSUFFICIENT_WINDOW,1,1.22
5,2,STABLE_LOW,LONG_STABLE_DURATION,82,100.0
5,2,STABLE_LOW,LOW_LOCAL_VARIABILITY,82,100.0
5,2,STABLE_LOW,NEAR_GAP,1,1.22
5,2,STABLE_LOW,PERSISTENCE_ADJUSTED_STATE,3,3.66
5,2,STABLE_LOW,RAW_SMOOTHED_DISAGREEMENT,1,1.22
5,2,STABLE_LOW,REPEATED_SIGN_CHANGES,1,1.22
5,2,STABLE_LOW,SHORT_MEDIUM_SLOPE_AGREEMENT,47,57.32
5,2,STABLE_LOW,SHORT_SLOPE_POSITIVE,2,2.44
5,2,STABLE_LOW,SLOPE_BELOW_TREND_THRESHOLD,70,85.37
5,2,STABLE_LOW,SLOPE_NEAR_THRESHOLD,1,1.22
5,2,STABLE_LOW,SLOPE_WITHIN_STABLE_THRESHOLD,9,10.98
5,2,STABLE_LOW,SUFFICIENT_WINDOW,81,98.78
5,5,UNSTABLE_TRANSITION,LOW_LOCAL_VARIABILITY,2,100.0
5,5,UNSTABLE_TRANSITION,SHORT_MEDIUM_SLOPE_AGREEMENT,2,100.0
5,5,UNSTABLE_TRANSITION,SHORT_SLOPE_POSITIVE,2,100.0
5,5,UNSTABLE_TRANSITION,STRONG_PERSISTENT_TREND,1,50.0
5,5,UNSTABLE_TRANSITION,SUFFICIENT_WINDOW,2,100.0
5,6,UNSTABLE_TRANSITION,EXPLICIT_INSTABILITY_EVIDENCE,4,100.0
5,6,UNSTABLE_TRANSITION,HIGH_LOCAL_VARIABILITY,3,75.0
5,6,UNSTABLE_TRANSITION,LOW_LOCAL_VARIABILITY,1,25.0
5,6,UNSTABLE_TRANSITION,RAW_SMOOTHED_DISAGREEMENT,2,50.0
5,6,UNSTABLE_TRANSITION,REPEATED_SIGN_CHANGES,4,100.0
5,6,UNSTABLE_TRANSITION,SHORT_MEDIUM_SLOPE_AGREEMENT,4,100.0
5,6,UNSTABLE_TRANSITION,SUFFICIENT_WINDOW,4,100.0
5,7,STABLE_LOW,AMBIGUOUS_BUT_LOW_INSTABILITY,3,100.0
5,7,STABLE_LOW,LOW_LOCAL_VARIABILITY,3,100.0
5,7,STABLE_LOW,SHORT_MEDIUM_SLOPE_AGREEMENT,1,33.33
5,7,STABLE_LOW,SLOPE_BELOW_TREND_THRESHOLD,3,100.0
5,7,STABLE_LOW,SUFFICIENT_WINDOW,3,100.0
5,8,STABLE_ELEVATED,LOW_LOCAL_VARIABILITY,1,100.0
5,8,STABLE_ELEVATED,PERSISTENCE_ADJUSTED_STATE,1,100.0
5,8,STABLE_ELEVATED,SHORT_MEDIUM_SLOPE_AGREEMENT,1,100.0
5,8,STABLE_ELEVATED,SHORT_SLOPE_POSITIVE,1,100.0
5,8,STABLE_ELEVATED,SUFFICIENT_WINDOW,1,100.0
5,9,ACCUMULATION,HIGH_LOCAL_VARIABILITY,1,25.0
5,9,ACCUMULATION,LOW_LOCAL_VARIABILITY,3,75.0
5,9,ACCUMULATION,PERSISTENCE_ADJUSTED_STATE,2,50.0
5,9,ACCUMULATION,RAW_SMOOTHED_DISAGREEMENT,1,25.0
5,9,ACCUMULATION,REPEATED_SIGN_CHANGES,2,50.0
5,9,ACCUMULATION,SHORT_MEDIUM_SLOPE_AGREEMENT,4,100.0
5,9,ACCUMULATION,SHORT_SLOPE_POSITIVE,2,50.0
5,9,ACCUMULATION,STRONG_PERSISTENT_TREND,1,25.0
5,9,ACCUMULATION,SUFFICIENT_WINDOW,4,100.0
5,10,STABLE_ELEVATED,AMBIGUOUS_BUT_LOW_INSTABILITY,2,100.0
5,10,STABLE_ELEVATED,LONG_STABLE_DURATION,1,50.0
5,10,STABLE_ELEVATED,LOW_LOCAL_VARIABILITY,2,100.0
5,10,STABLE_ELEVATED,SHORT_MEDIUM_SLOPE_AGREEMENT,1,50.0
5,10,STABLE_ELEVATED,SLOPE_BELOW_TREND_THRESHOLD,2,100.0
5,10,STABLE_ELEVATED,SUFFICIENT_WINDOW,2,100.0
5,11,ACCUMULATION,LOW_LOCAL_VARIABILITY,3,100.0
5,11,ACCUMULATION,PERSISTENCE_ADJUSTED_STATE,1,33.33
5,11,ACCUMULATION,RAW_SMOOTHED_DISAGREEMENT,1,33.33
5,11,ACCUMULATION,REPEATED_SIGN_CHANGES,1,33.33
5,11,ACCUMULATION,SHORT_MEDIUM_SLOPE_AGREEMENT,3,100.0
5,11,ACCUMULATION,SHORT_SLOPE_POSITIVE,2,66.67
5,11,ACCUMULATION,STRONG_PERSISTENT_TREND,2,66.67
5,11,ACCUMULATION,SUFFICIENT_WINDOW,3,100.0
5,12,UNSTABLE_TRANSITION,AMBIGUOUS_BUT_LOW_INSTABILITY,1,20.0
5,12,UNSTABLE_TRANSITION,EXPLICIT_INSTABILITY_EVIDENCE,4,80.0
5,12,UNSTABLE_TRANSITION,HIGH_LOCAL_VARIABILITY,3,60.0
5,12,UNSTABLE_TRANSITION,LOW_LOCAL_VARIABILITY,2,40.0
5,12,UNSTABLE_TRANSITION,PERSISTENCE_ADJUSTED_STATE,1,20.0
5,12,UNSTABLE_TRANSITION,RAW_SMOOTHED_DISAGREEMENT,3,60.0
5,12,UNSTABLE_TRANSITION,REPEATED_SIGN_CHANGES,4,80.0
5,12,UNSTABLE_TRANSITION,SHORT_MEDIUM_SLOPE_AGREEMENT,4,80.0
5,12,UNSTABLE_TRANSITION,SLOPE_BELOW_TREND_THRESHOLD,1,20.0
5,12,UNSTABLE_TRANSITION,SUFFICIENT_WINDOW,5,100.0
5,13,ACCUMULATION,AMBIGUOUS_BUT_LOW_INSTABILITY,1,33.33
5,13,ACCUMULATION,LOW_LOCAL_VARIABILITY,3,100.0
5,13,ACCUMULATION,PERSISTENCE_ADJUSTED_STATE,1,33.33
5,13,ACCUMULATION,SHORT_MEDIUM_SLOPE_AGREEMENT,3,100.0
5,13,ACCUMULATION,SHORT_SLOPE_POSITIVE,2,66.67
5,13,ACCUMULATION,SLOPE_BELOW_TREND_THRESHOLD,1,33.33
5,13,ACCUMULATION,SLOPE_NEAR_THRESHOLD,1,33.33
5,13,ACCUMULATION,SUFFICIENT_WINDOW,3,100.0
5,14,DECLINE,AMBIGUOUS_BUT_LOW_INSTABILITY,1,33.33
5,14,DECLINE,LOW_LOCAL_VARIABILITY,3,100.0
5,14,DECLINE,PERSISTENCE_ADJUSTED_STATE,1,33.33
5,14,DECLINE,SHORT_MEDIUM_SLOPE_AGREEMENT,3,100.0
5,14,DECLINE,SHORT_SLOPE_NEGATIVE,2,66.67
5,14,DECLINE,SLOPE_BELOW_TREND_THRESHOLD,1,33.33
5,14,DECLINE,SLOPE_NEAR_THRESHOLD,1,33.33
5,14,DECLINE,STRONG_PERSISTENT_TREND,1,33.33
5,14,DECLINE,SUFFICIENT_WINDOW,3,100.0
5,15,UNSTABLE_TRANSITION,EXPLICIT_INSTABILITY_EVIDENCE,2,100.0
5,15,UNSTABLE_TRANSITION,HIGH_LOCAL_VARIABILITY,1,50.0
5,15,UNSTABLE_TRANSITION,LOW_LOCAL_VARIABILITY,1,50.0
5,15,UNSTABLE_TRANSITION,RAW_SMOOTHED_DISAGREEMENT,1,50.0
5,15,UNSTABLE_TRANSITION,REPEATED_SIGN_CHANGES,2,100.0
5,15,UNSTABLE_TRANSITION,SHORT_MEDIUM_SLOPE_AGREEMENT,1,50.0
5,15,UNSTABLE_TRANSITION,SUFFICIENT_WINDOW,2,100.0
5,16,STABLE_ELEVATED,AMBIGUOUS_BUT_LOW_INSTABILITY,2,100.0
5,16,STABLE_ELEVATED,LOW_LOCAL_VARIABILITY,2,100.0
5,16,STABLE_ELEVATED,SLOPE_BELOW_TREND_THRESHOLD,2,100.0
5,16,STABLE_ELEVATED,SUFFICIENT_WINDOW,2,100.0
5,17,UNSTABLE_TRANSITION,AMBIGUOUS_BUT_LOW_INSTABILITY,1,14.29
5,17,UNSTABLE_TRANSITION,EXPLICIT_INSTABILITY_EVIDENCE,5,71.43
5,17,UNSTABLE_TRANSITION,HIGH_LOCAL_VARIABILITY,1,14.29
5,17,UNSTABLE_TRANSITION,LOW_LOCAL_VARIABILITY,6,85.71
5,17,UNSTABLE_TRANSITION,PERSISTENCE_ADJUSTED_STATE,2,28.57
5,17,UNSTABLE_TRANSITION,RAW_SMOOTHED_DISAGREEMENT,4,57.14
5,17,UNSTABLE_TRANSITION,REPEATED_SIGN_CHANGES,5,71.43
5,17,UNSTABLE_TRANSITION,SHORT_MEDIUM_SLOPE_AGREEMENT,6,85.71
5,17,UNSTABLE_TRANSITION,SHORT_SLOPE_POSITIVE,1,14.29
5,17,UNSTABLE_TRANSITION,SLOPE_BELOW_TREND_THRESHOLD,1,14.29
5,17,UNSTABLE_TRANSITION,SLOPE_NEAR_THRESHOLD,2,28.57
5,17,UNSTABLE_TRANSITION,SUFFICIENT_WINDOW,7,100.0
5,20,UNSTABLE_TRANSITION,AMBIGUOUS_BUT_LOW_INSTABILITY,1,100.0
5,20,UNSTABLE_TRANSITION,LOW_LOCAL_VARIABILITY,1,100.0
5,20,UNSTABLE_TRANSITION,PERSISTENCE_ADJUSTED_STATE,1,100.0
5,20,UNSTABLE_TRANSITION,SLOPE_BELOW_TREND_THRESHOLD,1,100.0
5,20,UNSTABLE_TRANSITION,SUFFICIENT_WINDOW,1,100.0
5,21,STABLE_HIGH,LOW_LOCAL_VARIABILITY,1,100.0
5,21,STABLE_HIGH,PERSISTENCE_ADJUSTED_STATE,1,100.0
5,21,STABLE_HIGH,SHORT_MEDIUM_SLOPE_AGREEMENT,1,100.0
5,21,STABLE_HIGH,SHORT_SLOPE_POSITIVE,1,100.0
5,21,STABLE_HIGH,SLOPE_NEAR_THRESHOLD,1,100.0
5,21,STABLE_HIGH,SUFFICIENT_WINDOW,1,100.0
5,22,UNSTABLE_TRANSITION,EXPLICIT_INSTABILITY_EVIDENCE,3,100.0
5,22,UNSTABLE_TRANSITION,HIGH_LOCAL_VARIABILITY,3,100.0
5,22,UNSTABLE_TRANSITION,RAW_SMOOTHED_DISAGREEMENT,1,33.33
5,22,UNSTABLE_TRANSITION,REPEATED_SIGN_CHANGES,3,100.0
5,22,UNSTABLE_TRANSITION,SHORT_MEDIUM_SLOPE_AGREEMENT,2,66.67
5,22,UNSTABLE_TRANSITION,SLOPE_NEAR_THRESHOLD,1,33.33
5,22,UNSTABLE_TRANSITION,SUFFICIENT_WINDOW,3,100.0
5,23,STABLE_HIGH,AMBIGUOUS_BUT_LOW_INSTABILITY,9,81.82
5,23,STABLE_HIGH,LONG_STABLE_DURATION,10,90.91
5,23,STABLE_HIGH,LOW_LOCAL_VARIABILITY,11,100.0
5,23,STABLE_HIGH,PERSISTENCE_ADJUSTED_STATE,2,18.18
5,23,STABLE_HIGH,RAW_SMOOTHED_DISAGREEMENT,1,9.09
5,23,STABLE_HIGH,REPEATED_SIGN_CHANGES,1,9.09
5,23,STABLE_HIGH,SHORT_MEDIUM_SLOPE_AGREEMENT,4,36.36
5,23,STABLE_HIGH,SHORT_SLOPE_NEGATIVE,1,9.09
5,23,STABLE_HIGH,SLOPE_BELOW_TREND_THRESHOLD,9,81.82
5,23,STABLE_HIGH,SLOPE_NEAR_THRESHOLD,1,9.09
5,23,STABLE_HIGH,SUFFICIENT_WINDOW,11,100.0
5,24,UNSTABLE_TRANSITION,EXPLICIT_INSTABILITY_EVIDENCE,3,100.0
5,24,UNSTABLE_TRANSITION,LOW_LOCAL_VARIABILITY,3,100.0
5,24,UNSTABLE_TRANSITION,RAW_SMOOTHED_DISAGREEMENT,3,100.0
5,24,UNSTABLE_TRANSITION,REPEATED_SIGN_CHANGES,3,100.0
5,24,UNSTABLE_TRANSITION,SHORT_MEDIUM_SLOPE_AGREEMENT,1,33.33
5,24,UNSTABLE_TRANSITION,SUFFICIENT_WINDOW,3,100.0
5,25,ACCUMULATION,AMBIGUOUS_BUT_LOW_INSTABILITY,1,16.67
5,25,ACCUMULATION,HIGH_LOCAL_VARIABILITY,4,66.67
5,25,ACCUMULATION,LOW_LOCAL_VARIABILITY,2,33.33
5,25,ACCUMULATION,PERSISTENCE_ADJUSTED_STATE,1,16.67
5,25,ACCUMULATION,SHORT_MEDIUM_SLOPE_AGREEMENT,5,83.33
5,25,ACCUMULATION,SHORT_SLOPE_POSITIVE,5,83.33
5,25,ACCUMULATION,SLOPE_BELOW_TREND_THRESHOLD,1,16.67
5,25,ACCUMULATION,SLOPE_NEAR_THRESHOLD,1,16.67
5,25,ACCUMULATION,STRONG_PERSISTENT_TREND,3,50.0
5,25,ACCUMULATION,SUFFICIENT_WINDOW,6,100.0
5,26,STABLE_HIGH,LOW_LOCAL_VARIABILITY,1,100.0
5,26,STABLE_HIGH,PERSISTENCE_ADJUSTED_STATE,1,100.0
5,26,STABLE_HIGH,SHORT_SLOPE_NEGATIVE,1,100.0
5,26,STABLE_HIGH,SUFFICIENT_WINDOW,1,100.0
5,27,UNSTABLE_TRANSITION,EXPLICIT_INSTABILITY_EVIDENCE,3,75.0
5,27,UNSTABLE_TRANSITION,HIGH_LOCAL_VARIABILITY,1,25.0
5,27,UNSTABLE_TRANSITION,LOW_LOCAL_VARIABILITY,3,75.0
5,27,UNSTABLE_TRANSITION,PERSISTENCE_ADJUSTED_STATE,1,25.0
5,27,UNSTABLE_TRANSITION,RAW_SMOOTHED_DISAGREEMENT,2,50.0
5,27,UNSTABLE_TRANSITION,REPEATED_SIGN_CHANGES,3,75.0
5,27,UNSTABLE_TRANSITION,SHORT_MEDIUM_SLOPE_AGREEMENT,2,50.0
5,27,UNSTABLE_TRANSITION,SHORT_SLOPE_NEGATIVE,1,25.0
5,27,UNSTABLE_TRANSITION,SUFFICIENT_WINDOW,4,100.0
5,30,DECLINE,LOW_LOCAL_VARIABILITY,3,100.0
5,30,DECLINE,PERSISTENCE_ADJUSTED_STATE,1,33.33
5,30,DECLINE,RAW_SMOOTHED_DISAGREEMENT,1,33.33
5,30,DECLINE,REPEATED_SIGN_CHANGES,1,33.33
5,30,DECLINE,SHORT_MEDIUM_SLOPE_AGREEMENT,3,100.0
5,30,DECLINE,SHORT_SLOPE_NEGATIVE,2,66.67
5,30,DECLINE,SLOPE_NEAR_THRESHOLD,1,33.33
5,30,DECLINE,STRONG_PERSISTENT_TREND,1,33.33
5,30,DECLINE,SUFFICIENT_WINDOW,3,100.0
5,31,UNSTABLE_TRANSITION,LOW_LOCAL_VARIABILITY,1,100.0
5,31,UNSTABLE_TRANSITION,PERSISTENCE_ADJUSTED_STATE,1,100.0
5,31,UNSTABLE_TRANSITION,SHORT_MEDIUM_SLOPE_AGREEMENT,1,100.0
5,31,UNSTABLE_TRANSITION,SHORT_SLOPE_POSITIVE,1,100.0
5,31,UNSTABLE_TRANSITION,SUFFICIENT_WINDOW,1,100.0
5,34,STABLE_HIGH,AMBIGUOUS_BUT_LOW_INSTABILITY,4,66.67
5,34,STABLE_HIGH,LONG_STABLE_DURATION,6,100.0
5,34,STABLE_HIGH,LOW_LOCAL_VARIABILITY,6,100.0
5,34,STABLE_HIGH,PERSISTENCE_ADJUSTED_STATE,2,33.33
5,34,STABLE_HIGH,RAW_SMOOTHED_DISAGREEMENT,1,16.67
5,34,STABLE_HIGH,REPEATED_SIGN_CHANGES,1,16.67
5,34,STABLE_HIGH,SHORT_MEDIUM_SLOPE_AGREEMENT,5,83.33
5,34,STABLE_HIGH,SHORT_SLOPE_NEGATIVE,1,16.67
5,34,STABLE_HIGH,SLOPE_BELOW_TREND_THRESHOLD,4,66.67
5,34,STABLE_HIGH,SLOPE_NEAR_THRESHOLD,1,16.67
5,34,STABLE_HIGH,SUFFICIENT_WINDOW,6,100.0
5,39,UNSTABLE_TRANSITION,EXPLICIT_INSTABILITY_EVIDENCE,2,100.0
5,39,UNSTABLE_TRANSITION,HIGH_LOCAL_VARIABILITY,1,50.0
5,39,UNSTABLE_TRANSITION,LOW_LOCAL_VARIABILITY,1,50.0
5,39,UNSTABLE_TRANSITION,RAW_SMOOTHED_DISAGREEMENT,2,100.0
5,39,UNSTABLE_TRANSITION,REPEATED_SIGN_CHANGES,2,100.0
5,39,UNSTABLE_TRANSITION,SUFFICIENT_WINDOW,2,100.0
5,40,UNSTABLE_TRANSITION,LOW_LOCAL_VARIABILITY,2,100.0
5,40,UNSTABLE_TRANSITION,SHORT_MEDIUM_SLOPE_AGREEMENT,2,100.0
5,40,UNSTABLE_TRANSITION,SHORT_SLOPE_POSITIVE,2,100.0
5,40,UNSTABLE_TRANSITION,SLOPE_NEAR_THRESHOLD,1,50.0
5,40,UNSTABLE_TRANSITION,STRONG_PERSISTENT_TREND,1,50.0
5,40,UNSTABLE_TRANSITION,SUFFICIENT_WINDOW,2,100.0
5,41,DECLINE,HIGH_LOCAL_VARIABILITY,2,66.67
5,41,DECLINE,LOW_LOCAL_VARIABILITY,1,33.33
5,41,DECLINE,SHORT_MEDIUM_SLOPE_AGREEMENT,3,100.0
5,41,DECLINE,SHORT_SLOPE_NEGATIVE,3,100.0
5,41,DECLINE,STRONG_PERSISTENT_TREND,3,100.0
5,41,DECLINE,SUFFICIENT_WINDOW,3,100.0
5,42,UNSTABLE_TRANSITION,EXPLICIT_INSTABILITY_EVIDENCE,2,50.0
5,42,UNSTABLE_TRANSITION,HIGH_LOCAL_VARIABILITY,1,25.0
5,42,UNSTABLE_TRANSITION,LOW_LOCAL_VARIABILITY,3,75.0
5,42,UNSTABLE_TRANSITION,MATERIAL_TREND_AMBIGUITY,1,25.0
5,42,UNSTABLE_TRANSITION,PERSISTENCE_ADJUSTED_STATE,1,25.0
5,42,UNSTABLE_TRANSITION,RAW_SMOOTHED_DISAGREEMENT,1,25.0
5,42,UNSTABLE_TRANSITION,REPEATED_SIGN_CHANGES,2,50.0
5,42,UNSTABLE_TRANSITION,SHORT_MEDIUM_SLOPE_AGREEMENT,2,50.0
5,42,UNSTABLE_TRANSITION,SHORT_MEDIUM_SLOPE_DISAGREEMENT,1,25.0
5,42,UNSTABLE_TRANSITION,SHORT_SLOPE_POSITIVE,1,25.0
5,42,UNSTABLE_TRANSITION,SUFFICIENT_WINDOW,4,100.0
5,43,UNSTABLE_TRANSITION,LOW_LOCAL_VARIABILITY,1,100.0
5,43,UNSTABLE_TRANSITION,PERSISTENCE_ADJUSTED_STATE,1,100.0
5,43,UNSTABLE_TRANSITION,RAW_SMOOTHED_DISAGREEMENT,1,100.0
5,43,UNSTABLE_TRANSITION,REPEATED_SIGN_CHANGES,1,100.0
5,43,UNSTABLE_TRANSITION,SHORT_MEDIUM_SLOPE_AGREEMENT,1,100.0
5,43,UNSTABLE_TRANSITION,STRONG_PERSISTENT_TREND,1,100.0
5,43,UNSTABLE_TRANSITION,SUFFICIENT_WINDOW,1,100.0
5,44,SUDDEN_DROP_EVENT,SHORT_MEDIUM_SLOPE_AGREEMENT,1,100.0
5,44,SUDDEN_DROP_EVENT,STRONG_PERSISTENT_TREND,1,100.0
5,44,SUDDEN_DROP_EVENT,SUDDEN_NEGATIVE_CHANGE,1,100.0
5,44,SUDDEN_DROP_EVENT,SUFFICIENT_WINDOW,1,100.0
5,45,UNSTABLE_TRANSITION,EXPLICIT_INSTABILITY_EVIDENCE,3,100.0
5,45,UNSTABLE_TRANSITION,HIGH_LOCAL_VARIABILITY,3,100.0
5,45,UNSTABLE_TRANSITION,RAW_SMOOTHED_DISAGREEMENT,1,33.33
5,45,UNSTABLE_TRANSITION,REPEATED_SIGN_CHANGES,3,100.0
5,45,UNSTABLE_TRANSITION,SHORT_MEDIUM_SLOPE_AGREEMENT,3,100.0
5,45,UNSTABLE_TRANSITION,SLOPE_NEAR_THRESHOLD,1,33.33
5,45,UNSTABLE_TRANSITION,SUFFICIENT_WINDOW,3,100.0
5,46,DECLINE,LOW_LOCAL_VARIABILITY,3,100.0
5,46,DECLINE,SHORT_MEDIUM_SLOPE_AGREEMENT,3,100.0
5,46,DECLINE,SHORT_SLOPE_NEGATIVE,3,100.0
5,46,DECLINE,SUFFICIENT_WINDOW,3,100.0
5,47,STABLE_LOW,AMBIGUOUS_BUT_LOW_INSTABILITY,54,98.18
5,47,STABLE_LOW,LONG_STABLE_DURATION,55,100.0
5,47,STABLE_LOW,LOW_LOCAL_VARIABILITY,55,100.0
5,47,STABLE_LOW,SHORT_MEDIUM_SLOPE_AGREEMENT,31,56.36
5,47,STABLE_LOW,SLOPE_BELOW_TREND_THRESHOLD,54,98.18
5,47,STABLE_LOW,SLOPE_WITHIN_STABLE_THRESHOLD,1,1.82
5,47,STABLE_LOW,SUFFICIENT_WINDOW,55,100.0
5,48,SUDDEN_DROP_EVENT,LOW_LOCAL_VARIABILITY,1,100.0
5,48,SUDDEN_DROP_EVENT,RAW_SMOOTHED_DISAGREEMENT,1,100.0
5,48,SUDDEN_DROP_EVENT,SHORT_MEDIUM_SLOPE_AGREEMENT,1,100.0
5,48,SUDDEN_DROP_EVENT,SUDDEN_NEGATIVE_CHANGE,1,100.0
5,48,SUDDEN_DROP_EVENT,SUFFICIENT_WINDOW,1,100.0
5,49,STABLE_LOW,AMBIGUOUS_BUT_LOW_INSTABILITY,12,92.31
5,49,STABLE_LOW,LONG_STABLE_DURATION,13,100.0
5,49,STABLE_LOW,LOW_LOCAL_VARIABILITY,13,100.0
5,49,STABLE_LOW,PERSISTENCE_ADJUSTED_STATE,1,7.69
5,49,STABLE_LOW,RAW_SMOOTHED_DISAGREEMENT,1,7.69
5,49,STABLE_LOW,REPEATED_SIGN_CHANGES,1,7.69
5,49,STABLE_LOW,SHORT_MEDIUM_SLOPE_AGREEMENT,8,61.54
5,49,STABLE_LOW,SLOPE_BELOW_TREND_THRESHOLD,12,92.31
5,49,STABLE_LOW,SUFFICIENT_WINDOW,13,100.0
5,52,ACCUMULATION,LOW_LOCAL_VARIABILITY,3,100.0
5,52,ACCUMULATION,PERSISTENCE_ADJUSTED_STATE,1,33.33
5,52,ACCUMULATION,RAW_SMOOTHED_DISAGREEMENT,1,33.33
5,52,ACCUMULATION,REPEATED_SIGN_CHANGES,1,33.33
5,52,ACCUMULATION,SHORT_MEDIUM_SLOPE_AGREEMENT,3,100.0
5,52,ACCUMULATION,SHORT_SLOPE_POSITIVE,2,66.67
5,52,ACCUMULATION,SUFFICIENT_WINDOW,3,100.0
5,53,STABLE_LOW,AMBIGUOUS_BUT_LOW_INSTABILITY,7,63.64
5,53,STABLE_LOW,LONG_STABLE_DURATION,9,81.82
5,53,STABLE_LOW,LOW_LOCAL_VARIABILITY,11,100.0
5,53,STABLE_LOW,PERSISTENCE_ADJUSTED_STATE,1,9.09
5,53,STABLE_LOW,SHORT_MEDIUM_SLOPE_AGREEMENT,5,45.45
5,53,STABLE_LOW,SHORT_SLOPE_POSITIVE,1,9.09
5,53,STABLE_LOW,SLOPE_BELOW_TREND_THRESHOLD,7,63.64
5,53,STABLE_LOW,SLOPE_NEAR_THRESHOLD,1,9.09
5,53,STABLE_LOW,SLOPE_WITHIN_STABLE_THRESHOLD,3,27.27
5,53,STABLE_LOW,SUFFICIENT_WINDOW,11,100.0
5,54,UNSTABLE_TRANSITION,LOW_LOCAL_VARIABILITY,1,100.0
5,54,UNSTABLE_TRANSITION,PERSISTENCE_ADJUSTED_STATE,1,100.0
5,54,UNSTABLE_TRANSITION,SHORT_MEDIUM_SLOPE_AGREEMENT,1,100.0
5,54,UNSTABLE_TRANSITION,SLOPE_WITHIN_STABLE_THRESHOLD,1,100.0
5,54,UNSTABLE_TRANSITION,SUFFICIENT_WINDOW,1,100.0
5,55,DECLINE,LOW_LOCAL_VARIABILITY,4,100.0
5,55,DECLINE,SHORT_MEDIUM_SLOPE_AGREEMENT,4,100.0
5,55,DECLINE,SHORT_SLOPE_NEGATIVE,4,100.0
5,55,DECLINE,SLOPE_NEAR_THRESHOLD,1,25.0
5,55,DECLINE,SUFFICIENT_WINDOW,4,100.0
5,56,STABLE_LOW,AMBIGUOUS_BUT_LOW_INSTABILITY,20,95.24
5,56,STABLE_LOW,LONG_STABLE_DURATION,21,100.0
5,56,STABLE_LOW,LOW_LOCAL_VARIABILITY,21,100.0
5,56,STABLE_LOW,PERSISTENCE_ADJUSTED_STATE,1,4.76
5,56,STABLE_LOW,SHORT_MEDIUM_SLOPE_AGREEMENT,17,80.95
5,56,STABLE_LOW,SHORT_SLOPE_NEGATIVE,1,4.76
5,56,STABLE_LOW,SLOPE_BELOW_TREND_THRESHOLD,20,95.24
5,56,STABLE_LOW,SLOPE_NEAR_THRESHOLD,1,4.76
5,56,STABLE_LOW,SUFFICIENT_WINDOW,21,100.0
6,1,QUALITY_AFFECTED,INSUFFICIENT_WINDOW,2,100.0
6,1,QUALITY_AFFECTED,LOW_LOCAL_VARIABILITY,2,100.0
6,1,QUALITY_AFFECTED,NEAR_GAP,2,100.0
6,1,QUALITY_AFFECTED,PERSISTENCE_ADJUSTED_STATE,1,50.0
6,1,QUALITY_AFFECTED,SHORT_MEDIUM_SLOPE_AGREEMENT,1,50.0
6,1,QUALITY_AFFECTED,SLOPE_WITHIN_STABLE_THRESHOLD,1,50.0
6,2,STABLE_LOW,AMBIGUOUS_BUT_LOW_INSTABILITY,10,83.33
6,2,STABLE_LOW,LONG_STABLE_DURATION,12,100.0
6,2,STABLE_LOW,LOW_LOCAL_VARIABILITY,12,100.0
6,2,STABLE_LOW,PERSISTENCE_ADJUSTED_STATE,1,8.33
6,2,STABLE_LOW,SHORT_MEDIUM_SLOPE_AGREEMENT,7,58.33
6,2,STABLE_LOW,SHORT_SLOPE_POSITIVE,1,8.33
6,2,STABLE_LOW,SLOPE_BELOW_TREND_THRESHOLD,10,83.33
6,2,STABLE_LOW,SLOPE_WITHIN_STABLE_THRESHOLD,1,8.33
6,2,STABLE_LOW,SUFFICIENT_WINDOW,12,100.0
6,3,ACCUMULATION,LOW_LOCAL_VARIABILITY,3,100.0
6,3,ACCUMULATION,PERSISTENCE_ADJUSTED_STATE,1,33.33
6,3,ACCUMULATION,RAW_SMOOTHED_DISAGREEMENT,1,33.33
6,3,ACCUMULATION,REPEATED_SIGN_CHANGES,1,33.33
6,3,ACCUMULATION,SHORT_MEDIUM_SLOPE_AGREEMENT,3,100.0
6,3,ACCUMULATION,SHORT_SLOPE_POSITIVE,2,66.67
6,3,ACCUMULATION,SLOPE_NEAR_THRESHOLD,1,33.33
6,3,ACCUMULATION,SUFFICIENT_WINDOW,3,100.0
6,4,STABLE_LOW,AMBIGUOUS_BUT_LOW_INSTABILITY,2,33.33
6,4,STABLE_LOW,LONG_STABLE_DURATION,6,100.0
6,4,STABLE_LOW,LOW_LOCAL_VARIABILITY,6,100.0
6,4,STABLE_LOW,PERSISTENCE_ADJUSTED_STATE,1,16.67
6,4,STABLE_LOW,RAW_SMOOTHED_DISAGREEMENT,1,16.67
6,4,STABLE_LOW,REPEATED_SIGN_CHANGES,1,16.67
6,4,STABLE_LOW,SHORT_MEDIUM_SLOPE_AGREEMENT,2,33.33
6,4,STABLE_LOW,SLOPE_BELOW_TREND_THRESHOLD,2,33.33
6,4,STABLE_LOW,SLOPE_WITHIN_STABLE_THRESHOLD,3,50.0
6,4,STABLE_LOW,SUFFICIENT_WINDOW,6,100.0
6,7,UNSTABLE_TRANSITION,AMBIGUOUS_BUT_LOW_INSTABILITY,1,33.33
6,7,UNSTABLE_TRANSITION,EXPLICIT_INSTABILITY_EVIDENCE,2,66.67
6,7,UNSTABLE_TRANSITION,LOW_LOCAL_VARIABILITY,3,100.0
6,7,UNSTABLE_TRANSITION,PERSISTENCE_ADJUSTED_STATE,1,33.33
6,7,UNSTABLE_TRANSITION,RAW_SMOOTHED_DISAGREEMENT,2,66.67
6,7,UNSTABLE_TRANSITION,REPEATED_SIGN_CHANGES,2,66.67
6,7,UNSTABLE_TRANSITION,SHORT_MEDIUM_SLOPE_AGREEMENT,2,66.67
6,7,UNSTABLE_TRANSITION,SLOPE_BELOW_TREND_THRESHOLD,1,33.33
6,7,UNSTABLE_TRANSITION,SUFFICIENT_WINDOW,3,100.0
6,8,STABLE_LOW,AMBIGUOUS_BUT_LOW_INSTABILITY,4,80.0
6,8,STABLE_LOW,LONG_STABLE_DURATION,5,100.0
6,8,STABLE_LOW,LOW_LOCAL_VARIABILITY,5,100.0
6,8,STABLE_LOW,PERSISTENCE_ADJUSTED_STATE,1,20.0
6,8,STABLE_LOW,SHORT_MEDIUM_SLOPE_AGREEMENT,5,100.0
6,8,STABLE_LOW,SHORT_SLOPE_POSITIVE,1,20.0
6,8,STABLE_LOW,SLOPE_BELOW_TREND_THRESHOLD,4,80.0
6,8,STABLE_LOW,SLOPE_NEAR_THRESHOLD,1,20.0
6,8,STABLE_LOW,SUFFICIENT_WINDOW,5,100.0
6,11,ACCUMULATION,LOW_LOCAL_VARIABILITY,3,100.0
6,11,ACCUMULATION,PERSISTENCE_ADJUSTED_STATE,1,33.33
6,11,ACCUMULATION,RAW_SMOOTHED_DISAGREEMENT,1,33.33
6,11,ACCUMULATION,REPEATED_SIGN_CHANGES,1,33.33
6,11,ACCUMULATION,SHORT_MEDIUM_SLOPE_AGREEMENT,3,100.0
6,11,ACCUMULATION,SHORT_SLOPE_POSITIVE,2,66.67
6,11,ACCUMULATION,SLOPE_NEAR_THRESHOLD,1,33.33
6,11,ACCUMULATION,STRONG_PERSISTENT_TREND,1,33.33
6,11,ACCUMULATION,SUFFICIENT_WINDOW,3,100.0
6,12,UNSTABLE_TRANSITION,LOW_LOCAL_VARIABILITY,1,100.0
6,12,UNSTABLE_TRANSITION,PERSISTENCE_ADJUSTED_STATE,1,100.0
6,12,UNSTABLE_TRANSITION,SHORT_MEDIUM_SLOPE_AGREEMENT,1,100.0
6,12,UNSTABLE_TRANSITION,SHORT_SLOPE_POSITIVE,1,100.0
6,12,UNSTABLE_TRANSITION,SUFFICIENT_WINDOW,1,100.0
6,15,ACCUMULATION,HIGH_LOCAL_VARIABILITY,1,33.33
6,15,ACCUMULATION,LOW_LOCAL_VARIABILITY,2,66.67
6,15,ACCUMULATION,PERSISTENCE_ADJUSTED_STATE,1,33.33
6,15,ACCUMULATION,REPEATED_SIGN_CHANGES,1,33.33
6,15,ACCUMULATION,SHORT_MEDIUM_SLOPE_AGREEMENT,3,100.0
6,15,ACCUMULATION,SHORT_SLOPE_POSITIVE,2,66.67
6,15,ACCUMULATION,SUFFICIENT_WINDOW,3,100.0
6,16,STABLE_LOW,AMBIGUOUS_BUT_LOW_INSTABILITY,4,80.0
6,16,STABLE_LOW,LONG_STABLE_DURATION,5,100.0
6,16,STABLE_LOW,LOW_LOCAL_VARIABILITY,5,100.0
6,16,STABLE_LOW,SHORT_MEDIUM_SLOPE_AGREEMENT,2,40.0
6,16,STABLE_LOW,SLOPE_BELOW_TREND_THRESHOLD,4,80.0
6,16,STABLE_LOW,SLOPE_WITHIN_STABLE_THRESHOLD,1,20.0
6,16,STABLE_LOW,SUFFICIENT_WINDOW,5,100.0
6,17,STABLE_ELEVATED,AMBIGUOUS_BUT_LOW_INSTABILITY,1,100.0
6,17,STABLE_ELEVATED,LONG_STABLE_DURATION,1,100.0
6,17,STABLE_ELEVATED,LOW_LOCAL_VARIABILITY,1,100.0
6,17,STABLE_ELEVATED,SHORT_MEDIUM_SLOPE_AGREEMENT,1,100.0
6,17,STABLE_ELEVATED,SLOPE_BELOW_TREND_THRESHOLD,1,100.0
6,17,STABLE_ELEVATED,SLOPE_NEAR_THRESHOLD,1,100.0
6,17,STABLE_ELEVATED,SUFFICIENT_WINDOW,1,100.0
6,18,STABLE_LOW,AMBIGUOUS_BUT_LOW_INSTABILITY,2,66.67
6,18,STABLE_LOW,LONG_STABLE_DURATION,1,33.33
6,18,STABLE_LOW,LOW_LOCAL_VARIABILITY,3,100.0
6,18,STABLE_LOW,PERSISTENCE_ADJUSTED_STATE,1,33.33
6,18,STABLE_LOW,RAW_SMOOTHED_DISAGREEMENT,1,33.33
6,18,STABLE_LOW,REPEATED_SIGN_CHANGES,1,33.33
6,18,STABLE_LOW,SHORT_MEDIUM_SLOPE_AGREEMENT,2,66.67
6,18,STABLE_LOW,SLOPE_BELOW_TREND_THRESHOLD,2,66.67
6,18,STABLE_LOW,SUFFICIENT_WINDOW,3,100.0
6,19,ACCUMULATION,LOW_LOCAL_VARIABILITY,3,100.0
6,19,ACCUMULATION,PERSISTENCE_ADJUSTED_STATE,1,33.33
6,19,ACCUMULATION,RAW_SMOOTHED_DISAGREEMENT,1,33.33
6,19,ACCUMULATION,REPEATED_SIGN_CHANGES,1,33.33
6,19,ACCUMULATION,SHORT_MEDIUM_SLOPE_AGREEMENT,3,100.0
6,19,ACCUMULATION,SHORT_SLOPE_POSITIVE,2,66.67
6,19,ACCUMULATION,SLOPE_NEAR_THRESHOLD,2,66.67
6,19,ACCUMULATION,STRONG_PERSISTENT_TREND,1,33.33
6,19,ACCUMULATION,SUFFICIENT_WINDOW,3,100.0
6,20,UNSTABLE_TRANSITION,AMBIGUOUS_BUT_LOW_INSTABILITY,1,25.0
6,20,UNSTABLE_TRANSITION,EXPLICIT_INSTABILITY_EVIDENCE,2,50.0
6,20,UNSTABLE_TRANSITION,LOW_LOCAL_VARIABILITY,4,100.0
6,20,UNSTABLE_TRANSITION,PERSISTENCE_ADJUSTED_STATE,2,50.0
6,20,UNSTABLE_TRANSITION,RAW_SMOOTHED_DISAGREEMENT,2,50.0
6,20,UNSTABLE_TRANSITION,REPEATED_SIGN_CHANGES,2,50.0
6,20,UNSTABLE_TRANSITION,SHORT_MEDIUM_SLOPE_AGREEMENT,2,50.0
6,20,UNSTABLE_TRANSITION,SHORT_SLOPE_POSITIVE,1,25.0
6,20,UNSTABLE_TRANSITION,SLOPE_BELOW_TREND_THRESHOLD,1,25.0
6,20,UNSTABLE_TRANSITION,SUFFICIENT_WINDOW,4,100.0
6,21,UNSTABLE_TRANSITION,AMBIGUOUS_BUT_LOW_INSTABILITY,1,100.0
6,21,UNSTABLE_TRANSITION,LOW_LOCAL_VARIABILITY,1,100.0
6,21,UNSTABLE_TRANSITION,PERSISTENCE_ADJUSTED_STATE,1,100.0
6,21,UNSTABLE_TRANSITION,SHORT_MEDIUM_SLOPE_AGREEMENT,1,100.0
6,21,UNSTABLE_TRANSITION,SLOPE_BELOW_TREND_THRESHOLD,1,100.0
6,21,UNSTABLE_TRANSITION,SUFFICIENT_WINDOW,1,100.0
6,22,STABLE_ELEVATED,AMBIGUOUS_BUT_LOW_INSTABILITY,2,50.0
6,22,STABLE_ELEVATED,LOW_LOCAL_VARIABILITY,4,100.0
6,22,STABLE_ELEVATED,PERSISTENCE_ADJUSTED_STATE,2,50.0
6,22,STABLE_ELEVATED,RAW_SMOOTHED_DISAGREEMENT,1,25.0
6,22,STABLE_ELEVATED,REPEATED_SIGN_CHANGES,1,25.0
6,22,STABLE_ELEVATED,SHORT_MEDIUM_SLOPE_AGREEMENT,2,50.0
6,22,STABLE_ELEVATED,SHORT_SLOPE_POSITIVE,1,25.0
6,22,STABLE_ELEVATED,SLOPE_BELOW_TREND_THRESHOLD,2,50.0
6,22,STABLE_ELEVATED,SLOPE_NEAR_THRESHOLD,1,25.0
6,22,STABLE_ELEVATED,SUFFICIENT_WINDOW,4,100.0
6,25,UNSTABLE_TRANSITION,LOW_LOCAL_VARIABILITY,1,100.0
6,25,UNSTABLE_TRANSITION,PERSISTENCE_ADJUSTED_STATE,1,100.0
6,25,UNSTABLE_TRANSITION,SHORT_MEDIUM_SLOPE_AGREEMENT,1,100.0
6,25,UNSTABLE_TRANSITION,SHORT_SLOPE_POSITIVE,1,100.0
6,25,UNSTABLE_TRANSITION,SUFFICIENT_WINDOW,1,100.0
6,26,UNSTABLE_TRANSITION,AMBIGUOUS_BUT_LOW_INSTABILITY,1,100.0
6,26,UNSTABLE_TRANSITION,LOW_LOCAL_VARIABILITY,1,100.0
6,26,UNSTABLE_TRANSITION,PERSISTENCE_ADJUSTED_STATE,1,100.0
6,26,UNSTABLE_TRANSITION,SLOPE_BELOW_TREND_THRESHOLD,1,100.0
6,26,UNSTABLE_TRANSITION,SUFFICIENT_WINDOW,1,100.0
6,27,STABLE_HIGH,LOW_LOCAL_VARIABILITY,1,100.0
6,27,STABLE_HIGH,PERSISTENCE_ADJUSTED_STATE,1,100.0
6,27,STABLE_HIGH,SHORT_MEDIUM_SLOPE_AGREEMENT,1,100.0
6,27,STABLE_HIGH,SHORT_SLOPE_POSITIVE,1,100.0
6,27,STABLE_HIGH,SUFFICIENT_WINDOW,1,100.0
6,28,UNSTABLE_TRANSITION,AMBIGUOUS_BUT_LOW_INSTABILITY,1,16.67
6,28,UNSTABLE_TRANSITION,EXPLICIT_INSTABILITY_EVIDENCE,5,83.33
6,28,UNSTABLE_TRANSITION,HIGH_LOCAL_VARIABILITY,4,66.67
6,28,UNSTABLE_TRANSITION,LOW_LOCAL_VARIABILITY,2,33.33
6,28,UNSTABLE_TRANSITION,PERSISTENCE_ADJUSTED_STATE,1,16.67
6,28,UNSTABLE_TRANSITION,RAW_SMOOTHED_DISAGREEMENT,2,33.33
6,28,UNSTABLE_TRANSITION,REPEATED_SIGN_CHANGES,5,83.33
6,28,UNSTABLE_TRANSITION,SHORT_MEDIUM_SLOPE_AGREEMENT,6,100.0
6,28,UNSTABLE_TRANSITION,SLOPE_BELOW_TREND_THRESHOLD,1,16.67
6,28,UNSTABLE_TRANSITION,SUFFICIENT_WINDOW,6,100.0
6,29,STABLE_HIGH,LOW_LOCAL_VARIABILITY,1,100.0
6,29,STABLE_HIGH,PERSISTENCE_ADJUSTED_STATE,1,100.0
6,29,STABLE_HIGH,SHORT_MEDIUM_SLOPE_AGREEMENT,1,100.0
6,29,STABLE_HIGH,SHORT_SLOPE_NEGATIVE,1,100.0
6,29,STABLE_HIGH,SLOPE_NEAR_THRESHOLD,1,100.0
6,29,STABLE_HIGH,SUFFICIENT_WINDOW,1,100.0
6,30,UNSTABLE_TRANSITION,LOW_LOCAL_VARIABILITY,1,100.0
6,30,UNSTABLE_TRANSITION,PERSISTENCE_ADJUSTED_STATE,1,100.0
6,30,UNSTABLE_TRANSITION,RAW_SMOOTHED_DISAGREEMENT,1,100.0
6,30,UNSTABLE_TRANSITION,REPEATED_SIGN_CHANGES,1,100.0
6,30,UNSTABLE_TRANSITION,SUFFICIENT_WINDOW,1,100.0
6,33,UNSTABLE_TRANSITION,AMBIGUOUS_BUT_LOW_INSTABILITY,1,12.5
6,33,UNSTABLE_TRANSITION,EXPLICIT_INSTABILITY_EVIDENCE,6,75.0
6,33,UNSTABLE_TRANSITION,HIGH_LOCAL_VARIABILITY,5,62.5
6,33,UNSTABLE_TRANSITION,LOW_LOCAL_VARIABILITY,3,37.5
6,33,UNSTABLE_TRANSITION,PERSISTENCE_ADJUSTED_STATE,2,25.0
6,33,UNSTABLE_TRANSITION,RAW_SMOOTHED_DISAGREEMENT,3,37.5
6,33,UNSTABLE_TRANSITION,REPEATED_SIGN_CHANGES,6,75.0
6,33,UNSTABLE_TRANSITION,SHORT_MEDIUM_SLOPE_AGREEMENT,4,50.0
6,33,UNSTABLE_TRANSITION,SHORT_SLOPE_POSITIVE,1,12.5
6,33,UNSTABLE_TRANSITION,SLOPE_BELOW_TREND_THRESHOLD,1,12.5
6,33,UNSTABLE_TRANSITION,SUFFICIENT_WINDOW,8,100.0
6,34,STABLE_ELEVATED,LOW_LOCAL_VARIABILITY,1,100.0
6,34,STABLE_ELEVATED,PERSISTENCE_ADJUSTED_STATE,1,100.0
6,34,STABLE_ELEVATED,SHORT_MEDIUM_SLOPE_AGREEMENT,1,100.0
6,34,STABLE_ELEVATED,SHORT_SLOPE_NEGATIVE,1,100.0
6,34,STABLE_ELEVATED,SUFFICIENT_WINDOW,1,100.0
6,35,UNSTABLE_TRANSITION,LOW_LOCAL_VARIABILITY,1,100.0
6,35,UNSTABLE_TRANSITION,PERSISTENCE_ADJUSTED_STATE,1,100.0
6,35,UNSTABLE_TRANSITION,REPEATED_SIGN_CHANGES,1,100.0
6,35,UNSTABLE_TRANSITION,SHORT_MEDIUM_SLOPE_DISAGREEMENT,1,100.0
6,35,UNSTABLE_TRANSITION,STRONG_PERSISTENT_TREND,1,100.0
6,35,UNSTABLE_TRANSITION,SUFFICIENT_WINDOW,1,100.0
6,36,UNSTABLE_TRANSITION,AMBIGUOUS_BUT_LOW_INSTABILITY,2,33.33
6,36,UNSTABLE_TRANSITION,EXPLICIT_INSTABILITY_EVIDENCE,4,66.67
6,36,UNSTABLE_TRANSITION,HIGH_LOCAL_VARIABILITY,4,66.67
6,36,UNSTABLE_TRANSITION,LOW_LOCAL_VARIABILITY,2,33.33
6,36,UNSTABLE_TRANSITION,PERSISTENCE_ADJUSTED_STATE,2,33.33
6,36,UNSTABLE_TRANSITION,REPEATED_SIGN_CHANGES,4,66.67
6,36,UNSTABLE_TRANSITION,SHORT_MEDIUM_SLOPE_AGREEMENT,5,83.33
6,36,UNSTABLE_TRANSITION,SLOPE_BELOW_TREND_THRESHOLD,2,33.33
6,36,UNSTABLE_TRANSITION,SUFFICIENT_WINDOW,6,100.0
6,37,ACCUMULATION,AMBIGUOUS_BUT_LOW_INSTABILITY,1,33.33
6,37,ACCUMULATION,LOW_LOCAL_VARIABILITY,3,100.0
6,37,ACCUMULATION,PERSISTENCE_ADJUSTED_STATE,1,33.33
6,37,ACCUMULATION,SHORT_MEDIUM_SLOPE_AGREEMENT,3,100.0
6,37,ACCUMULATION,SHORT_SLOPE_POSITIVE,2,66.67
6,37,ACCUMULATION,SLOPE_BELOW_TREND_THRESHOLD,1,33.33
6,37,ACCUMULATION,SUFFICIENT_WINDOW,3,100.0
6,38,UNSTABLE_TRANSITION,EXPLICIT_INSTABILITY_EVIDENCE,3,75.0
6,38,UNSTABLE_TRANSITION,HIGH_LOCAL_VARIABILITY,3,75.0
6,38,UNSTABLE_TRANSITION,LOW_LOCAL_VARIABILITY,1,25.0
6,38,UNSTABLE_TRANSITION,PERSISTENCE_ADJUSTED_STATE,1,25.0
6,38,UNSTABLE_TRANSITION,RAW_SMOOTHED_DISAGREEMENT,1,25.0
6,38,UNSTABLE_TRANSITION,REPEATED_SIGN_CHANGES,3,75.0
6,38,UNSTABLE_TRANSITION,SHORT_MEDIUM_SLOPE_AGREEMENT,3,75.0
6,38,UNSTABLE_TRANSITION,SHORT_SLOPE_POSITIVE,1,25.0
6,38,UNSTABLE_TRANSITION,SUFFICIENT_WINDOW,4,100.0
6,41,STABLE_HIGH,AMBIGUOUS_BUT_LOW_INSTABILITY,2,66.67
6,41,STABLE_HIGH,LOW_LOCAL_VARIABILITY,3,100.0
6,41,STABLE_HIGH,PERSISTENCE_ADJUSTED_STATE,1,33.33
6,41,STABLE_HIGH,SHORT_MEDIUM_SLOPE_AGREEMENT,1,33.33
6,41,STABLE_HIGH,SHORT_SLOPE_NEGATIVE,1,33.33
6,41,STABLE_HIGH,SLOPE_BELOW_TREND_THRESHOLD,2,66.67
6,41,STABLE_HIGH,SUFFICIENT_WINDOW,3,100.0
6,42,UNSTABLE_TRANSITION,AMBIGUOUS_BUT_LOW_INSTABILITY,1,100.0
6,42,UNSTABLE_TRANSITION,LOW_LOCAL_VARIABILITY,1,100.0
6,42,UNSTABLE_TRANSITION,PERSISTENCE_ADJUSTED_STATE,1,100.0
6,42,UNSTABLE_TRANSITION,SLOPE_BELOW_TREND_THRESHOLD,1,100.0
6,42,UNSTABLE_TRANSITION,SUFFICIENT_WINDOW,1,100.0
6,43,STABLE_ELEVATED,LONG_STABLE_DURATION,1,100.0
6,43,STABLE_ELEVATED,LOW_LOCAL_VARIABILITY,1,100.0
6,43,STABLE_ELEVATED,PERSISTENCE_ADJUSTED_STATE,1,100.0
6,43,STABLE_ELEVATED,SHORT_MEDIUM_SLOPE_AGREEMENT,1,100.0
6,43,STABLE_ELEVATED,SHORT_SLOPE_NEGATIVE,1,100.0
6,43,STABLE_ELEVATED,SUFFICIENT_WINDOW,1,100.0
6,44,UNSTABLE_TRANSITION,LOW_LOCAL_VARIABILITY,1,100.0
6,44,UNSTABLE_TRANSITION,PERSISTENCE_ADJUSTED_STATE,1,100.0
6,44,UNSTABLE_TRANSITION,REPEATED_SIGN_CHANGES,1,100.0
6,44,UNSTABLE_TRANSITION,SHORT_MEDIUM_SLOPE_DISAGREEMENT,1,100.0
6,44,UNSTABLE_TRANSITION,SLOPE_NEAR_THRESHOLD,1,100.0
6,44,UNSTABLE_TRANSITION,SUFFICIENT_WINDOW,1,100.0
6,45,UNSTABLE_TRANSITION,AMBIGUOUS_BUT_LOW_INSTABILITY,1,100.0
6,45,UNSTABLE_TRANSITION,LOW_LOCAL_VARIABILITY,1,100.0
6,45,UNSTABLE_TRANSITION,PERSISTENCE_ADJUSTED_STATE,1,100.0
6,45,UNSTABLE_TRANSITION,SHORT_MEDIUM_SLOPE_AGREEMENT,1,100.0
6,45,UNSTABLE_TRANSITION,SLOPE_BELOW_TREND_THRESHOLD,1,100.0
6,45,UNSTABLE_TRANSITION,SLOPE_NEAR_THRESHOLD,1,100.0
6,45,UNSTABLE_TRANSITION,SUFFICIENT_WINDOW,1,100.0
6,46,STABLE_HIGH,LOW_LOCAL_VARIABILITY,1,100.0
6,46,STABLE_HIGH,PERSISTENCE_ADJUSTED_STATE,1,100.0
6,46,STABLE_HIGH,RAW_SMOOTHED_DISAGREEMENT,1,100.0
6,46,STABLE_HIGH,REPEATED_SIGN_CHANGES,1,100.0
6,46,STABLE_HIGH,SUFFICIENT_WINDOW,1,100.0
6,51,SUDDEN_DROP_EVENT,LOW_LOCAL_VARIABILITY,1,50.0
6,51,SUDDEN_DROP_EVENT,SHORT_MEDIUM_SLOPE_AGREEMENT,2,100.0
6,51,SUDDEN_DROP_EVENT,STRONG_PERSISTENT_TREND,2,100.0
6,51,SUDDEN_DROP_EVENT,SUDDEN_NEGATIVE_CHANGE,2,100.0
6,51,SUDDEN_DROP_EVENT,SUFFICIENT_WINDOW,2,100.0
6,52,UNSTABLE_TRANSITION,EXPLICIT_INSTABILITY_EVIDENCE,2,100.0
6,52,UNSTABLE_TRANSITION,HIGH_LOCAL_VARIABILITY,2,100.0
6,52,UNSTABLE_TRANSITION,REPEATED_SIGN_CHANGES,2,100.0
6,52,UNSTABLE_TRANSITION,SHORT_MEDIUM_SLOPE_AGREEMENT,2,100.0
6,52,UNSTABLE_TRANSITION,SUFFICIENT_WINDOW,2,100.0
6,53,DECLINE,AMBIGUOUS_BUT_LOW_INSTABILITY,1,33.33
6,53,DECLINE,HIGH_LOCAL_VARIABILITY,2,66.67
6,53,DECLINE,LOW_LOCAL_VARIABILITY,1,33.33
6,53,DECLINE,PERSISTENCE_ADJUSTED_STATE,1,33.33
6,53,DECLINE,SHORT_MEDIUM_SLOPE_AGREEMENT,2,66.67
6,53,DECLINE,SHORT_SLOPE_NEGATIVE,2,66.67
6,53,DECLINE,SLOPE_BELOW_TREND_THRESHOLD,1,33.33
6,53,DECLINE,SUFFICIENT_WINDOW,3,100.0
6,54,STABLE_LOW,AMBIGUOUS_BUT_LOW_INSTABILITY,43,78.18
6,54,STABLE_LOW,LONG_STABLE_DURATION,52,94.55
6,54,STABLE_LOW,LOW_LOCAL_VARIABILITY,55,100.0
6,54,STABLE_LOW,PERSISTENCE_ADJUSTED_STATE,3,5.45
6,54,STABLE_LOW,RAW_SMOOTHED_DISAGREEMENT,2,3.64
6,54,STABLE_LOW,REPEATED_SIGN_CHANGES,2,3.64
6,54,STABLE_LOW,SHORT_MEDIUM_SLOPE_AGREEMENT,31,56.36
6,54,STABLE_LOW,SHORT_SLOPE_POSITIVE,1,1.82
6,54,STABLE_LOW,SLOPE_BELOW_TREND_THRESHOLD,43,78.18
6,54,STABLE_LOW,SLOPE_NEAR_THRESHOLD,1,1.82
6,54,STABLE_LOW,SLOPE_WITHIN_STABLE_THRESHOLD,9,16.36
6,54,STABLE_LOW,SUFFICIENT_WINDOW,55,100.0
6,55,UNSTABLE_TRANSITION,LOW_LOCAL_VARIABILITY,1,100.0
6,55,UNSTABLE_TRANSITION,PERSISTENCE_ADJUSTED_STATE,1,100.0
6,55,UNSTABLE_TRANSITION,RAW_SMOOTHED_DISAGREEMENT,1,100.0
6,55,UNSTABLE_TRANSITION,REPEATED_SIGN_CHANGES,1,100.0
6,55,UNSTABLE_TRANSITION,SHORT_MEDIUM_SLOPE_AGREEMENT,1,100.0
6,55,UNSTABLE_TRANSITION,SUFFICIENT_WINDOW,1,100.0
6,56,UNSTABLE_TRANSITION,AMBIGUOUS_BUT_LOW_INSTABILITY,1,100.0
6,56,UNSTABLE_TRANSITION,LOW_LOCAL_VARIABILITY,1,100.0
6,56,UNSTABLE_TRANSITION,PERSISTENCE_ADJUSTED_STATE,1,100.0
6,56,UNSTABLE_TRANSITION,SLOPE_BELOW_TREND_THRESHOLD,1,100.0
6,56,UNSTABLE_TRANSITION,SUFFICIENT_WINDOW,1,100.0
6,57,STABLE_LOW,AMBIGUOUS_BUT_LOW_INSTABILITY,3,50.0
6,57,STABLE_LOW,LONG_STABLE_DURATION,6,100.0
6,57,STABLE_LOW,LOW_LOCAL_VARIABILITY,6,100.0
6,57,STABLE_LOW,PERSISTENCE_ADJUSTED_STATE,1,16.67
6,57,STABLE_LOW,SHORT_MEDIUM_SLOPE_AGREEMENT,3,50.0
6,57,STABLE_LOW,SHORT_SLOPE_NEGATIVE,1,16.67
6,57,STABLE_LOW,SLOPE_BELOW_TREND_THRESHOLD,3,50.0
6,57,STABLE_LOW,SLOPE_WITHIN_STABLE_THRESHOLD,2,33.33
6,57,STABLE_LOW,SUFFICIENT_WINDOW,6,100.0
7,1,QUALITY_AFFECTED,INSUFFICIENT_WINDOW,1,100.0
7,1,QUALITY_AFFECTED,LOW_LOCAL_VARIABILITY,1,100.0
7,1,QUALITY_AFFECTED,NEAR_GAP,1,100.0
7,2,STABLE_LOW,INSUFFICIENT_WINDOW,1,100.0
7,2,STABLE_LOW,LONG_STABLE_DURATION,1,100.0
7,2,STABLE_LOW,LOW_LOCAL_VARIABILITY,1,100.0
7,2,STABLE_LOW,NEAR_GAP,1,100.0
7,2,STABLE_LOW,SHORT_MEDIUM_SLOPE_AGREEMENT,1,100.0
7,2,STABLE_LOW,SLOPE_WITHIN_STABLE_THRESHOLD,1,100.0
8,1,QUALITY_AFFECTED,INSUFFICIENT_WINDOW,2,100.0
8,1,QUALITY_AFFECTED,LOW_LOCAL_VARIABILITY,2,100.0
8,1,QUALITY_AFFECTED,NEAR_GAP,2,100.0
8,1,QUALITY_AFFECTED,PERSISTENCE_ADJUSTED_STATE,1,50.0
8,1,QUALITY_AFFECTED,SHORT_MEDIUM_SLOPE_AGREEMENT,1,50.0
8,1,QUALITY_AFFECTED,SHORT_SLOPE_NEGATIVE,1,50.0
8,2,STABLE_LOW,AMBIGUOUS_BUT_LOW_INSTABILITY,53,77.94
8,2,STABLE_LOW,LONG_STABLE_DURATION,60,88.24
8,2,STABLE_LOW,LOW_LOCAL_VARIABILITY,68,100.0
8,2,STABLE_LOW,PERSISTENCE_ADJUSTED_STATE,6,8.82
8,2,STABLE_LOW,RAW_SMOOTHED_DISAGREEMENT,5,7.35
8,2,STABLE_LOW,REPEATED_SIGN_CHANGES,4,5.88
8,2,STABLE_LOW,SHORT_MEDIUM_SLOPE_AGREEMENT,43,63.24
8,2,STABLE_LOW,SHORT_SLOPE_NEGATIVE,1,1.47
8,2,STABLE_LOW,SHORT_SLOPE_POSITIVE,1,1.47
8,2,STABLE_LOW,SLOPE_BELOW_TREND_THRESHOLD,53,77.94
8,2,STABLE_LOW,SLOPE_NEAR_THRESHOLD,2,2.94
8,2,STABLE_LOW,SLOPE_WITHIN_STABLE_THRESHOLD,9,13.24
8,2,STABLE_LOW,SUFFICIENT_WINDOW,68,100.0
8,3,ACCUMULATION,LOW_LOCAL_VARIABILITY,3,100.0
8,3,ACCUMULATION,PERSISTENCE_ADJUSTED_STATE,1,33.33
8,3,ACCUMULATION,RAW_SMOOTHED_DISAGREEMENT,1,33.33
8,3,ACCUMULATION,REPEATED_SIGN_CHANGES,1,33.33
8,3,ACCUMULATION,SHORT_MEDIUM_SLOPE_AGREEMENT,3,100.0
8,3,ACCUMULATION,SHORT_SLOPE_POSITIVE,2,66.67
8,3,ACCUMULATION,SUFFICIENT_WINDOW,3,100.0
8,4,UNSTABLE_TRANSITION,AMBIGUOUS_BUT_LOW_INSTABILITY,1,100.0
8,4,UNSTABLE_TRANSITION,LOW_LOCAL_VARIABILITY,1,100.0
8,4,UNSTABLE_TRANSITION,PERSISTENCE_ADJUSTED_STATE,1,100.0
8,4,UNSTABLE_TRANSITION,SLOPE_BELOW_TREND_THRESHOLD,1,100.0
8,4,UNSTABLE_TRANSITION,SUFFICIENT_WINDOW,1,100.0
8,5,STABLE_LOW,AMBIGUOUS_BUT_LOW_INSTABILITY,20,80.0
8,5,STABLE_LOW,LONG_STABLE_DURATION,22,88.0
8,5,STABLE_LOW,LOW_LOCAL_VARIABILITY,25,100.0
8,5,STABLE_LOW,PERSISTENCE_ADJUSTED_STATE,5,20.0
8,5,STABLE_LOW,RAW_SMOOTHED_DISAGREEMENT,4,16.0
8,5,STABLE_LOW,REPEATED_SIGN_CHANGES,4,16.0
8,5,STABLE_LOW,SHORT_MEDIUM_SLOPE_AGREEMENT,15,60.0
8,5,STABLE_LOW,SHORT_SLOPE_NEGATIVE,1,4.0
8,5,STABLE_LOW,SLOPE_BELOW_TREND_THRESHOLD,20,80.0
8,5,STABLE_LOW,SUFFICIENT_WINDOW,25,100.0
8,10,UNSTABLE_TRANSITION,LOW_LOCAL_VARIABILITY,1,100.0
8,10,UNSTABLE_TRANSITION,PERSISTENCE_ADJUSTED_STATE,1,100.0
8,10,UNSTABLE_TRANSITION,RAW_SMOOTHED_DISAGREEMENT,1,100.0
8,10,UNSTABLE_TRANSITION,REPEATED_SIGN_CHANGES,1,100.0
8,10,UNSTABLE_TRANSITION,SUFFICIENT_WINDOW,1,100.0
8,11,UNSTABLE_TRANSITION,AMBIGUOUS_BUT_LOW_INSTABILITY,1,100.0
8,11,UNSTABLE_TRANSITION,LOW_LOCAL_VARIABILITY,1,100.0
8,11,UNSTABLE_TRANSITION,PERSISTENCE_ADJUSTED_STATE,1,100.0
8,11,UNSTABLE_TRANSITION,SHORT_MEDIUM_SLOPE_AGREEMENT,1,100.0
8,11,UNSTABLE_TRANSITION,SLOPE_BELOW_TREND_THRESHOLD,1,100.0
8,11,UNSTABLE_TRANSITION,SUFFICIENT_WINDOW,1,100.0
8,12,STABLE_LOW,AMBIGUOUS_BUT_LOW_INSTABILITY,45,77.59
8,12,STABLE_LOW,LONG_STABLE_DURATION,56,96.55
8,12,STABLE_LOW,LOW_LOCAL_VARIABILITY,58,100.0
8,12,STABLE_LOW,PERSISTENCE_ADJUSTED_STATE,2,3.45
8,12,STABLE_LOW,RAW_SMOOTHED_DISAGREEMENT,1,1.72
8,12,STABLE_LOW,REPEATED_SIGN_CHANGES,1,1.72
8,12,STABLE_LOW,SHORT_MEDIUM_SLOPE_AGREEMENT,34,58.62
8,12,STABLE_LOW,SHORT_SLOPE_NEGATIVE,1,1.72
8,12,STABLE_LOW,SLOPE_BELOW_TREND_THRESHOLD,45,77.59
8,12,STABLE_LOW,SLOPE_NEAR_THRESHOLD,1,1.72
8,12,STABLE_LOW,SLOPE_WITHIN_STABLE_THRESHOLD,11,18.97
8,12,STABLE_LOW,SUFFICIENT_WINDOW,58,100.0
9,1,QUALITY_AFFECTED,INSUFFICIENT_WINDOW,2,100.0
9,1,QUALITY_AFFECTED,LOW_LOCAL_VARIABILITY,2,100.0
9,1,QUALITY_AFFECTED,NEAR_GAP,2,100.0
9,1,QUALITY_AFFECTED,PERSISTENCE_ADJUSTED_STATE,1,50.0
9,1,QUALITY_AFFECTED,SHORT_MEDIUM_SLOPE_AGREEMENT,1,50.0
9,1,QUALITY_AFFECTED,SHORT_SLOPE_NEGATIVE,1,50.0
9,2,STABLE_LOW,AMBIGUOUS_BUT_LOW_INSTABILITY,11,61.11
9,2,STABLE_LOW,LONG_STABLE_DURATION,18,100.0
9,2,STABLE_LOW,LOW_LOCAL_VARIABILITY,18,100.0
9,2,STABLE_LOW,SHORT_MEDIUM_SLOPE_AGREEMENT,9,50.0
9,2,STABLE_LOW,SLOPE_BELOW_TREND_THRESHOLD,11,61.11
9,2,STABLE_LOW,SLOPE_WITHIN_STABLE_THRESHOLD,7,38.89
9,2,STABLE_LOW,SUFFICIENT_WINDOW,18,100.0
10,1,QUALITY_AFFECTED,INSUFFICIENT_WINDOW,1,100.0
10,1,QUALITY_AFFECTED,LOW_LOCAL_VARIABILITY,1,100.0
10,1,QUALITY_AFFECTED,NEAR_GAP,1,100.0
10,2,STABLE_LOW,INSUFFICIENT_WINDOW,1,100.0
10,2,STABLE_LOW,LONG_STABLE_DURATION,1,100.0
10,2,STABLE_LOW,LOW_LOCAL_VARIABILITY,1,100.0
10,2,STABLE_LOW,NEAR_GAP,1,100.0
10,2,STABLE_LOW,SHORT_MEDIUM_SLOPE_AGREEMENT,1,100.0
10,2,STABLE_LOW,SLOPE_WITHIN_STABLE_THRESHOLD,1,100.0
11,1,QUALITY_AFFECTED,INSUFFICIENT_WINDOW,2,100.0
11,1,QUALITY_AFFECTED,LOW_LOCAL_VARIABILITY,2,100.0
11,1,QUALITY_AFFECTED,NEAR_GAP,2,100.0
11,1,QUALITY_AFFECTED,PERSISTENCE_ADJUSTED_STATE,1,50.0
11,1,QUALITY_AFFECTED,SHORT_MEDIUM_SLOPE_AGREEMENT,1,50.0
11,1,QUALITY_AFFECTED,SHORT_SLOPE_NEGATIVE,1,50.0
11,2,UNSTABLE_TRANSITION,LOW_LOCAL_VARIABILITY,1,100.0
11,2,UNSTABLE_TRANSITION,PERSISTENCE_ADJUSTED_STATE,1,100.0
11,2,UNSTABLE_TRANSITION,SHORT_MEDIUM_SLOPE_AGREEMENT,1,100.0
11,2,UNSTABLE_TRANSITION,SHORT_SLOPE_POSITIVE,1,100.0
11,2,UNSTABLE_TRANSITION,SUFFICIENT_WINDOW,1,100.0
11,3,STABLE_LOW,AMBIGUOUS_BUT_LOW_INSTABILITY,11,61.11
11,3,STABLE_LOW,LONG_STABLE_DURATION,17,94.44
11,3,STABLE_LOW,LOW_LOCAL_VARIABILITY,18,100.0
11,3,STABLE_LOW,SHORT_MEDIUM_SLOPE_AGREEMENT,14,77.78
11,3,STABLE_LOW,SLOPE_BELOW_TREND_THRESHOLD,11,61.11
11,3,STABLE_LOW,SLOPE_WITHIN_STABLE_THRESHOLD,7,38.89
11,3,STABLE_LOW,SUFFICIENT_WINDOW,18,100.0
12,1,QUALITY_AFFECTED,INSUFFICIENT_WINDOW,1,100.0
12,1,QUALITY_AFFECTED,LOW_LOCAL_VARIABILITY,1,100.0
12,1,QUALITY_AFFECTED,NEAR_GAP,1,100.0
12,2,STABLE_LOW,INSUFFICIENT_WINDOW,1,11.11
12,2,STABLE_LOW,LONG_STABLE_DURATION,9,100.0
12,2,STABLE_LOW,LOW_LOCAL_VARIABILITY,9,100.0
12,2,STABLE_LOW,NEAR_GAP,1,11.11
12,2,STABLE_LOW,SHORT_MEDIUM_SLOPE_AGREEMENT,6,66.67
12,2,STABLE_LOW,SLOPE_WITHIN_STABLE_THRESHOLD,9,100.0
12,2,STABLE_LOW,SUFFICIENT_WINDOW,8,88.89
13,1,QUALITY_AFFECTED,INSUFFICIENT_WINDOW,1,100.0
13,1,QUALITY_AFFECTED,LOW_LOCAL_VARIABILITY,1,100.0
13,1,QUALITY_AFFECTED,NEAR_GAP,1,100.0
13,2,STABLE_LOW,AMBIGUOUS_BUT_LOW_INSTABILITY,5,71.43
13,2,STABLE_LOW,INSUFFICIENT_WINDOW,1,14.29
13,2,STABLE_LOW,LONG_STABLE_DURATION,7,100.0
13,2,STABLE_LOW,LOW_LOCAL_VARIABILITY,7,100.0
13,2,STABLE_LOW,NEAR_GAP,1,14.29
13,2,STABLE_LOW,SHORT_MEDIUM_SLOPE_AGREEMENT,7,100.0
13,2,STABLE_LOW,SLOPE_BELOW_TREND_THRESHOLD,5,71.43
13,2,STABLE_LOW,SLOPE_WITHIN_STABLE_THRESHOLD,2,28.57
13,2,STABLE_LOW,SUFFICIENT_WINDOW,6,85.71
14,1,QUALITY_AFFECTED,INSUFFICIENT_WINDOW,1,100.0
14,1,QUALITY_AFFECTED,LOW_LOCAL_VARIABILITY,1,100.0
14,1,QUALITY_AFFECTED,NEAR_GAP,1,100.0
14,2,STABLE_LOW,AMBIGUOUS_BUT_LOW_INSTABILITY,13,76.47
14,2,STABLE_LOW,INSUFFICIENT_WINDOW,1,5.88
14,2,STABLE_LOW,LONG_STABLE_DURATION,17,100.0
14,2,STABLE_LOW,LOW_LOCAL_VARIABILITY,17,100.0
14,2,STABLE_LOW,NEAR_GAP,1,5.88
14,2,STABLE_LOW,PERSISTENCE_ADJUSTED_STATE,1,5.88
14,2,STABLE_LOW,RAW_SMOOTHED_DISAGREEMENT,1,5.88
14,2,STABLE_LOW,REPEATED_SIGN_CHANGES,1,5.88
14,2,STABLE_LOW,SHORT_MEDIUM_SLOPE_AGREEMENT,14,82.35
14,2,STABLE_LOW,SLOPE_BELOW_TREND_THRESHOLD,13,76.47
14,2,STABLE_LOW,SLOPE_WITHIN_STABLE_THRESHOLD,3,17.65
14,2,STABLE_LOW,SUFFICIENT_WINDOW,16,94.12
15,1,QUALITY_AFFECTED,INSUFFICIENT_WINDOW,1,100.0
15,1,QUALITY_AFFECTED,LOW_LOCAL_VARIABILITY,1,100.0
15,1,QUALITY_AFFECTED,NEAR_GAP,1,100.0
15,2,STABLE_LOW,INSUFFICIENT_WINDOW,1,33.33
15,2,STABLE_LOW,LONG_STABLE_DURATION,3,100.0
15,2,STABLE_LOW,LOW_LOCAL_VARIABILITY,3,100.0
15,2,STABLE_LOW,NEAR_GAP,1,33.33
15,2,STABLE_LOW,SHORT_MEDIUM_SLOPE_AGREEMENT,3,100.0
15,2,STABLE_LOW,SLOPE_WITHIN_STABLE_THRESHOLD,3,100.0
15,2,STABLE_LOW,SUFFICIENT_WINDOW,2,66.67
16,1,QUALITY_AFFECTED,INSUFFICIENT_WINDOW,2,100.0
16,1,QUALITY_AFFECTED,LOW_LOCAL_VARIABILITY,2,100.0
16,1,QUALITY_AFFECTED,NEAR_GAP,2,100.0
16,1,QUALITY_AFFECTED,PERSISTENCE_ADJUSTED_STATE,1,50.0
16,1,QUALITY_AFFECTED,SHORT_MEDIUM_SLOPE_AGREEMENT,1,50.0
16,1,QUALITY_AFFECTED,SHORT_SLOPE_POSITIVE,1,50.0
16,2,STABLE_LOW,AMBIGUOUS_BUT_LOW_INSTABILITY,16,94.12
16,2,STABLE_LOW,LONG_STABLE_DURATION,17,100.0
16,2,STABLE_LOW,LOW_LOCAL_VARIABILITY,17,100.0
16,2,STABLE_LOW,SHORT_MEDIUM_SLOPE_AGREEMENT,10,58.82
16,2,STABLE_LOW,SLOPE_BELOW_TREND_THRESHOLD,16,94.12
16,2,STABLE_LOW,SLOPE_WITHIN_STABLE_THRESHOLD,1,5.88
16,2,STABLE_LOW,SUFFICIENT_WINDOW,17,100.0
17,1,QUALITY_AFFECTED,INSUFFICIENT_WINDOW,1,100.0
17,1,QUALITY_AFFECTED,LOW_LOCAL_VARIABILITY,1,100.0
17,1,QUALITY_AFFECTED,NEAR_GAP,1,100.0
17,2,STABLE_LOW,AMBIGUOUS_BUT_LOW_INSTABILITY,8,66.67
17,2,STABLE_LOW,INSUFFICIENT_WINDOW,1,8.33
17,2,STABLE_LOW,LONG_STABLE_DURATION,12,100.0
17,2,STABLE_LOW,LOW_LOCAL_VARIABILITY,12,100.0
17,2,STABLE_LOW,NEAR_GAP,1,8.33
17,2,STABLE_LOW,PERSISTENCE_ADJUSTED_STATE,1,8.33
17,2,STABLE_LOW,RAW_SMOOTHED_DISAGREEMENT,1,8.33
17,2,STABLE_LOW,REPEATED_SIGN_CHANGES,1,8.33
17,2,STABLE_LOW,SHORT_MEDIUM_SLOPE_AGREEMENT,9,75.0
17,2,STABLE_LOW,SLOPE_BELOW_TREND_THRESHOLD,8,66.67
17,2,STABLE_LOW,SLOPE_WITHIN_STABLE_THRESHOLD,3,25.0
17,2,STABLE_LOW,SUFFICIENT_WINDOW,11,91.67
17,5,DECLINE,AMBIGUOUS_BUT_LOW_INSTABILITY,1,33.33
17,5,DECLINE,LOW_LOCAL_VARIABILITY,3,100.0
17,5,DECLINE,PERSISTENCE_ADJUSTED_STATE,1,33.33
17,5,DECLINE,SHORT_MEDIUM_SLOPE_AGREEMENT,3,100.0
17,5,DECLINE,SHORT_SLOPE_NEGATIVE,2,66.67
17,5,DECLINE,SLOPE_BELOW_TREND_THRESHOLD,1,33.33
17,5,DECLINE,SUFFICIENT_WINDOW,3,100.0
17,6,STABLE_LOW,AMBIGUOUS_BUT_LOW_INSTABILITY,96,90.57
17,6,STABLE_LOW,LONG_STABLE_DURATION,106,100.0
17,6,STABLE_LOW,LOW_LOCAL_VARIABILITY,106,100.0
17,6,STABLE_LOW,PERSISTENCE_ADJUSTED_STATE,3,2.83
17,6,STABLE_LOW,RAW_SMOOTHED_DISAGREEMENT,2,1.89
17,6,STABLE_LOW,REPEATED_SIGN_CHANGES,2,1.89
17,6,STABLE_LOW,SHORT_MEDIUM_SLOPE_AGREEMENT,62,58.49
17,6,STABLE_LOW,SHORT_SLOPE_POSITIVE,1,0.94
17,6,STABLE_LOW,SLOPE_BELOW_TREND_THRESHOLD,96,90.57
17,6,STABLE_LOW,SLOPE_NEAR_THRESHOLD,1,0.94
17,6,STABLE_LOW,SLOPE_WITHIN_STABLE_THRESHOLD,7,6.6
17,6,STABLE_LOW,SUFFICIENT_WINDOW,106,100.0
18,1,QUALITY_AFFECTED,INSUFFICIENT_WINDOW,1,100.0
18,1,QUALITY_AFFECTED,LOW_LOCAL_VARIABILITY,1,100.0
18,1,QUALITY_AFFECTED,NEAR_GAP,1,100.0
18,2,UNSTABLE_TRANSITION,INSUFFICIENT_WINDOW,1,50.0
18,2,UNSTABLE_TRANSITION,LOW_LOCAL_VARIABILITY,2,100.0
18,2,UNSTABLE_TRANSITION,NEAR_GAP,1,50.0
18,2,UNSTABLE_TRANSITION,SHORT_MEDIUM_SLOPE_AGREEMENT,2,100.0
18,2,UNSTABLE_TRANSITION,SHORT_SLOPE_POSITIVE,2,100.0
18,2,UNSTABLE_TRANSITION,STRONG_PERSISTENT_TREND,1,50.0
18,2,UNSTABLE_TRANSITION,SUFFICIENT_WINDOW,1,50.0
18,3,STABLE_LOW,AMBIGUOUS_BUT_LOW_INSTABILITY,7,58.33
18,3,STABLE_LOW,LONG_STABLE_DURATION,12,100.0
18,3,STABLE_LOW,LOW_LOCAL_VARIABILITY,12,100.0
18,3,STABLE_LOW,PERSISTENCE_ADJUSTED_STATE,1,8.33
18,3,STABLE_LOW,RAW_SMOOTHED_DISAGREEMENT,1,8.33
18,3,STABLE_LOW,REPEATED_SIGN_CHANGES,1,8.33
18,3,STABLE_LOW,SHORT_MEDIUM_SLOPE_AGREEMENT,7,58.33
18,3,STABLE_LOW,SLOPE_BELOW_TREND_THRESHOLD,7,58.33
18,3,STABLE_LOW,SLOPE_WITHIN_STABLE_THRESHOLD,4,33.33
18,3,STABLE_LOW,SUFFICIENT_WINDOW,12,100.0
18,4,UNSTABLE_TRANSITION,LOW_LOCAL_VARIABILITY,1,100.0
18,4,UNSTABLE_TRANSITION,PERSISTENCE_ADJUSTED_STATE,1,100.0
18,4,UNSTABLE_TRANSITION,SHORT_MEDIUM_SLOPE_AGREEMENT,1,100.0
18,4,UNSTABLE_TRANSITION,SHORT_SLOPE_NEGATIVE,1,100.0
18,4,UNSTABLE_TRANSITION,SLOPE_NEAR_THRESHOLD,1,100.0
18,4,UNSTABLE_TRANSITION,SUFFICIENT_WINDOW,1,100.0
18,5,UNSTABLE_TRANSITION,LOW_LOCAL_VARIABILITY,1,100.0
18,5,UNSTABLE_TRANSITION,PERSISTENCE_ADJUSTED_STATE,1,100.0
18,5,UNSTABLE_TRANSITION,RAW_SMOOTHED_DISAGREEMENT,1,100.0
18,5,UNSTABLE_TRANSITION,REPEATED_SIGN_CHANGES,1,100.0
18,5,UNSTABLE_TRANSITION,SUFFICIENT_WINDOW,1,100.0
18,6,STABLE_LOW,AMBIGUOUS_BUT_LOW_INSTABILITY,19,90.48
18,6,STABLE_LOW,LONG_STABLE_DURATION,21,100.0
18,6,STABLE_LOW,LOW_LOCAL_VARIABILITY,21,100.0
18,6,STABLE_LOW,PERSISTENCE_ADJUSTED_STATE,2,9.52
18,6,STABLE_LOW,RAW_SMOOTHED_DISAGREEMENT,1,4.76
18,6,STABLE_LOW,REPEATED_SIGN_CHANGES,1,4.76
18,6,STABLE_LOW,SHORT_MEDIUM_SLOPE_AGREEMENT,12,57.14
18,6,STABLE_LOW,SHORT_SLOPE_POSITIVE,1,4.76
18,6,STABLE_LOW,SLOPE_BELOW_TREND_THRESHOLD,19,90.48
18,6,STABLE_LOW,SUFFICIENT_WINDOW,21,100.0
19,1,QUALITY_AFFECTED,INSUFFICIENT_WINDOW,1,100.0
19,1,QUALITY_AFFECTED,LOW_LOCAL_VARIABILITY,1,100.0
19,1,QUALITY_AFFECTED,NEAR_GAP,1,100.0
19,2,DECLINE,HIGH_LOCAL_VARIABILITY,2,33.33
19,2,DECLINE,INSUFFICIENT_WINDOW,1,16.67
19,2,DECLINE,LOW_LOCAL_VARIABILITY,4,66.67
19,2,DECLINE,NEAR_GAP,1,16.67
19,2,DECLINE,SHORT_MEDIUM_SLOPE_AGREEMENT,6,100.0
19,2,DECLINE,SHORT_SLOPE_NEGATIVE,6,100.0
19,2,DECLINE,STRONG_PERSISTENT_TREND,3,50.0
19,2,DECLINE,SUFFICIENT_WINDOW,5,83.33
19,3,STABLE_LOW,AMBIGUOUS_BUT_LOW_INSTABILITY,11,44.0
19,3,STABLE_LOW,LONG_STABLE_DURATION,24,96.0
19,3,STABLE_LOW,LOW_LOCAL_VARIABILITY,25,100.0
19,3,STABLE_LOW,PERSISTENCE_ADJUSTED_STATE,4,16.0
19,3,STABLE_LOW,RAW_SMOOTHED_DISAGREEMENT,3,12.0
19,3,STABLE_LOW,REPEATED_SIGN_CHANGES,3,12.0
19,3,STABLE_LOW,SHORT_MEDIUM_SLOPE_AGREEMENT,18,72.0
19,3,STABLE_LOW,SHORT_SLOPE_NEGATIVE,1,4.0
19,3,STABLE_LOW,SLOPE_BELOW_TREND_THRESHOLD,11,44.0
19,3,STABLE_LOW,SLOPE_NEAR_THRESHOLD,1,4.0
19,3,STABLE_LOW,SLOPE_WITHIN_STABLE_THRESHOLD,10,40.0
19,3,STABLE_LOW,SUFFICIENT_WINDOW,25,100.0
20,1,QUALITY_AFFECTED,INSUFFICIENT_WINDOW,2,100.0
20,1,QUALITY_AFFECTED,LOW_LOCAL_VARIABILITY,2,100.0
20,1,QUALITY_AFFECTED,NEAR_GAP,2,100.0
20,1,QUALITY_AFFECTED,PERSISTENCE_ADJUSTED_STATE,1,50.0
20,1,QUALITY_AFFECTED,SHORT_MEDIUM_SLOPE_AGREEMENT,1,50.0
20,1,QUALITY_AFFECTED,SHORT_SLOPE_POSITIVE,1,50.0
20,2,STABLE_LOW,AMBIGUOUS_BUT_LOW_INSTABILITY,5,83.33
20,2,STABLE_LOW,LONG_STABLE_DURATION,6,100.0
20,2,STABLE_LOW,LOW_LOCAL_VARIABILITY,6,100.0
20,2,STABLE_LOW,SHORT_MEDIUM_SLOPE_AGREEMENT,6,100.0
20,2,STABLE_LOW,SLOPE_BELOW_TREND_THRESHOLD,5,83.33
20,2,STABLE_LOW,SLOPE_WITHIN_STABLE_THRESHOLD,1,16.67
20,2,STABLE_LOW,SUFFICIENT_WINDOW,6,100.0
21,1,QUALITY_AFFECTED,INSUFFICIENT_WINDOW,1,100.0
21,1,QUALITY_AFFECTED,LOW_LOCAL_VARIABILITY,1,100.0
21,1,QUALITY_AFFECTED,NEAR_GAP,1,100.0
21,2,ACCUMULATION,AMBIGUOUS_BUT_LOW_INSTABILITY,1,25.0
21,2,ACCUMULATION,INSUFFICIENT_WINDOW,1,25.0
21,2,ACCUMULATION,LOW_LOCAL_VARIABILITY,4,100.0
21,2,ACCUMULATION,NEAR_GAP,1,25.0
21,2,ACCUMULATION,PERSISTENCE_ADJUSTED_STATE,1,25.0
21,2,ACCUMULATION,SHORT_MEDIUM_SLOPE_AGREEMENT,3,75.0
21,2,ACCUMULATION,SHORT_SLOPE_POSITIVE,3,75.0
21,2,ACCUMULATION,SLOPE_BELOW_TREND_THRESHOLD,1,25.0
21,2,ACCUMULATION,STRONG_PERSISTENT_TREND,1,25.0
21,2,ACCUMULATION,SUFFICIENT_WINDOW,3,75.0
22,1,QUALITY_AFFECTED,INSUFFICIENT_WINDOW,1,100.0
22,1,QUALITY_AFFECTED,LOW_LOCAL_VARIABILITY,1,100.0
22,1,QUALITY_AFFECTED,NEAR_GAP,1,100.0
22,2,STABLE_LOW,AMBIGUOUS_BUT_LOW_INSTABILITY,6,42.86
22,2,STABLE_LOW,INSUFFICIENT_WINDOW,1,7.14
22,2,STABLE_LOW,LONG_STABLE_DURATION,14,100.0
22,2,STABLE_LOW,LOW_LOCAL_VARIABILITY,14,100.0
22,2,STABLE_LOW,NEAR_GAP,1,7.14
22,2,STABLE_LOW,PERSISTENCE_ADJUSTED_STATE,2,14.29
22,2,STABLE_LOW,SHORT_MEDIUM_SLOPE_AGREEMENT,10,71.43
22,2,STABLE_LOW,SHORT_SLOPE_NEGATIVE,1,7.14
22,2,STABLE_LOW,SHORT_SLOPE_POSITIVE,1,7.14
22,2,STABLE_LOW,SLOPE_BELOW_TREND_THRESHOLD,6,42.86
22,2,STABLE_LOW,SLOPE_WITHIN_STABLE_THRESHOLD,6,42.86
22,2,STABLE_LOW,SUFFICIENT_WINDOW,13,92.86
23,1,QUALITY_AFFECTED,INSUFFICIENT_WINDOW,1,100.0
23,1,QUALITY_AFFECTED,LOW_LOCAL_VARIABILITY,1,100.0
23,1,QUALITY_AFFECTED,NEAR_GAP,1,100.0
23,2,UNSTABLE_TRANSITION,INSUFFICIENT_WINDOW,1,50.0
23,2,UNSTABLE_TRANSITION,LOW_LOCAL_VARIABILITY,2,100.0
23,2,UNSTABLE_TRANSITION,NEAR_GAP,1,50.0
23,2,UNSTABLE_TRANSITION,SHORT_MEDIUM_SLOPE_AGREEMENT,2,100.0
23,2,UNSTABLE_TRANSITION,SHORT_SLOPE_NEGATIVE,2,100.0
23,2,UNSTABLE_TRANSITION,SLOPE_NEAR_THRESHOLD,1,50.0
23,2,UNSTABLE_TRANSITION,STRONG_PERSISTENT_TREND,1,50.0
23,2,UNSTABLE_TRANSITION,SUFFICIENT_WINDOW,1,50.0
23,3,STABLE_LOW,AMBIGUOUS_BUT_LOW_INSTABILITY,28,70.0
23,3,STABLE_LOW,LONG_STABLE_DURATION,37,92.5
23,3,STABLE_LOW,LOW_LOCAL_VARIABILITY,40,100.0
23,3,STABLE_LOW,PERSISTENCE_ADJUSTED_STATE,1,2.5
23,3,STABLE_LOW,SHORT_MEDIUM_SLOPE_AGREEMENT,22,55.0
23,3,STABLE_LOW,SHORT_SLOPE_NEGATIVE,1,2.5
23,3,STABLE_LOW,SLOPE_BELOW_TREND_THRESHOLD,28,70.0
23,3,STABLE_LOW,SLOPE_NEAR_THRESHOLD,1,2.5
23,3,STABLE_LOW,SLOPE_WITHIN_STABLE_THRESHOLD,11,27.5
23,3,STABLE_LOW,SUFFICIENT_WINDOW,40,100.0
24,1,QUALITY_AFFECTED,INSUFFICIENT_WINDOW,1,100.0
24,1,QUALITY_AFFECTED,LOW_LOCAL_VARIABILITY,1,100.0
24,1,QUALITY_AFFECTED,NEAR_GAP,1,100.0
24,2,UNSTABLE_TRANSITION,INSUFFICIENT_WINDOW,1,50.0
24,2,UNSTABLE_TRANSITION,LOW_LOCAL_VARIABILITY,2,100.0
24,2,UNSTABLE_TRANSITION,NEAR_GAP,1,50.0
24,2,UNSTABLE_TRANSITION,SHORT_MEDIUM_SLOPE_AGREEMENT,2,100.0
24,2,UNSTABLE_TRANSITION,SHORT_SLOPE_POSITIVE,2,100.0
24,2,UNSTABLE_TRANSITION,SUFFICIENT_WINDOW,1,50.0
24,3,STABLE_LOW,AMBIGUOUS_BUT_LOW_INSTABILITY,16,76.19
24,3,STABLE_LOW,LONG_STABLE_DURATION,21,100.0
24,3,STABLE_LOW,LOW_LOCAL_VARIABILITY,21,100.0
24,3,STABLE_LOW,PERSISTENCE_ADJUSTED_STATE,2,9.52
24,3,STABLE_LOW,RAW_SMOOTHED_DISAGREEMENT,1,4.76
24,3,STABLE_LOW,REPEATED_SIGN_CHANGES,1,4.76
24,3,STABLE_LOW,SHORT_MEDIUM_SLOPE_AGREEMENT,12,57.14
24,3,STABLE_LOW,SHORT_SLOPE_POSITIVE,1,4.76
24,3,STABLE_LOW,SLOPE_BELOW_TREND_THRESHOLD,16,76.19
24,3,STABLE_LOW,SLOPE_NEAR_THRESHOLD,1,4.76
24,3,STABLE_LOW,SLOPE_WITHIN_STABLE_THRESHOLD,3,14.29
24,3,STABLE_LOW,SUFFICIENT_WINDOW,21,100.0
25,1,QUALITY_AFFECTED,INSUFFICIENT_WINDOW,2,100.0
25,1,QUALITY_AFFECTED,LOW_LOCAL_VARIABILITY,2,100.0
25,1,QUALITY_AFFECTED,NEAR_GAP,2,100.0
25,1,QUALITY_AFFECTED,PERSISTENCE_ADJUSTED_STATE,1,50.0
25,1,QUALITY_AFFECTED,SHORT_MEDIUM_SLOPE_AGREEMENT,1,50.0
25,1,QUALITY_AFFECTED,SHORT_SLOPE_POSITIVE,1,50.0
25,2,UNSTABLE_TRANSITION,LOW_LOCAL_VARIABILITY,1,100.0
25,2,UNSTABLE_TRANSITION,PERSISTENCE_ADJUSTED_STATE,1,100.0
25,2,UNSTABLE_TRANSITION,RAW_SMOOTHED_DISAGREEMENT,1,100.0
25,2,UNSTABLE_TRANSITION,SHORT_MEDIUM_SLOPE_AGREEMENT,1,100.0
25,2,UNSTABLE_TRANSITION,SLOPE_WITHIN_STABLE_THRESHOLD,1,100.0
25,2,UNSTABLE_TRANSITION,SUFFICIENT_WINDOW,1,100.0
25,3,STABLE_LOW,AMBIGUOUS_BUT_LOW_INSTABILITY,108,82.44
25,3,STABLE_LOW,LONG_STABLE_DURATION,130,99.24
25,3,STABLE_LOW,LOW_LOCAL_VARIABILITY,131,100.0
25,3,STABLE_LOW,PERSISTENCE_ADJUSTED_STATE,3,2.29
25,3,STABLE_LOW,RAW_SMOOTHED_DISAGREEMENT,2,1.53
25,3,STABLE_LOW,REPEATED_SIGN_CHANGES,1,0.76
25,3,STABLE_LOW,SHORT_MEDIUM_SLOPE_AGREEMENT,73,55.73
25,3,STABLE_LOW,SHORT_SLOPE_POSITIVE,2,1.53
25,3,STABLE_LOW,SLOPE_BELOW_TREND_THRESHOLD,108,82.44
25,3,STABLE_LOW,SLOPE_NEAR_THRESHOLD,1,0.76
25,3,STABLE_LOW,SLOPE_WITHIN_STABLE_THRESHOLD,20,15.27
25,3,STABLE_LOW,SUFFICIENT_WINDOW,131,100.0
26,1,QUALITY_AFFECTED,INSUFFICIENT_WINDOW,2,100.0
26,1,QUALITY_AFFECTED,LOW_LOCAL_VARIABILITY,2,100.0
26,1,QUALITY_AFFECTED,NEAR_GAP,2,100.0
26,1,QUALITY_AFFECTED,PERSISTENCE_ADJUSTED_STATE,1,50.0
26,1,QUALITY_AFFECTED,SHORT_MEDIUM_SLOPE_AGREEMENT,1,50.0
26,1,QUALITY_AFFECTED,SHORT_SLOPE_POSITIVE,1,50.0
26,2,STABLE_LOW,AMBIGUOUS_BUT_LOW_INSTABILITY,9,81.82
26,2,STABLE_LOW,LONG_STABLE_DURATION,10,90.91
26,2,STABLE_LOW,LOW_LOCAL_VARIABILITY,11,100.0
26,2,STABLE_LOW,PERSISTENCE_ADJUSTED_STATE,1,9.09
26,2,STABLE_LOW,SHORT_MEDIUM_SLOPE_AGREEMENT,8,72.73
26,2,STABLE_LOW,SHORT_SLOPE_POSITIVE,1,9.09
26,2,STABLE_LOW,SLOPE_BELOW_TREND_THRESHOLD,9,81.82
26,2,STABLE_LOW,SLOPE_WITHIN_STABLE_THRESHOLD,1,9.09
26,2,STABLE_LOW,SUFFICIENT_WINDOW,11,100.0
26,3,UNSTABLE_TRANSITION,LOW_LOCAL_VARIABILITY,1,100.0
26,3,UNSTABLE_TRANSITION,PERSISTENCE_ADJUSTED_STATE,1,100.0
26,3,UNSTABLE_TRANSITION,RAW_SMOOTHED_DISAGREEMENT,1,100.0
26,3,UNSTABLE_TRANSITION,REPEATED_SIGN_CHANGES,1,100.0
26,3,UNSTABLE_TRANSITION,SUFFICIENT_WINDOW,1,100.0
26,4,UNSTABLE_TRANSITION,AMBIGUOUS_BUT_LOW_INSTABILITY,1,100.0
26,4,UNSTABLE_TRANSITION,LOW_LOCAL_VARIABILITY,1,100.0
26,4,UNSTABLE_TRANSITION,PERSISTENCE_ADJUSTED_STATE,1,100.0
26,4,UNSTABLE_TRANSITION,SHORT_MEDIUM_SLOPE_AGREEMENT,1,100.0
26,4,UNSTABLE_TRANSITION,SLOPE_BELOW_TREND_THRESHOLD,1,100.0
26,4,UNSTABLE_TRANSITION,SLOPE_NEAR_THRESHOLD,1,100.0
26,4,UNSTABLE_TRANSITION,SUFFICIENT_WINDOW,1,100.0
