campaign_id,analysis_report_id,segment_id,episode_sequence_number,episode_type,start,end,duration_hours,measurement_count,starting_radon,ending_radon,min_radon,max_radon,mean_radon,median_radon,absolute_concentration_change,relative_concentration_change_percent,mean_adjacent_slope_bq_m3_per_hour,robust_episode_slope_bq_m3_per_hour,maximum_positive_slope,maximum_negative_slope,local_variability,concentration_level_distribution,dynamic_state_distribution,distance_from_previous_gap_hours,distance_to_next_gap_hours,nearby_gap_count,quality_status,confidence_score,confidence_category,confidence_reason_codes,regime_algorithm_version,episode_algorithm_version,parameter_set_identifier,legacy_episode_label,mean_slope_bq_m3_per_hour,regime_confidence_score,regime_confidence_label,algorithm_version
3,12,1,1,QUALITY_AFFECTED,2024-05-17T00:47:00+00:00,2024-05-17T00:47:00+00:00,0.0,1,11.0,11.0,11.0,11.0,11.0,11.0,0,0.0,N/A,N/A,N/A,N/A,0.0,"{""LOW"": {""count"": 1, ""percent"": 100.0}}","{""QUALITY_AFFECTED"": {""count"": 1, ""percent"": 100.0}}",N/A,0.0,1,QUALITY_AFFECTED,0.25,LOW,"[""INSUFFICIENT_WINDOW"", ""LOW_LOCAL_VARIABILITY"", ""NEAR_GAP""]",regime_analysis_v2.1,episode_analysis_v2.1,v2.1_low100.0_high200.0_trend15.0_short3_medium6_persist2,quality affected,N/A,0.25,LOW,episode_analysis_v2.1
3,12,2,1,QUALITY_AFFECTED,2024-05-17T02:47:00+00:00,2024-05-17T02:47:00+00:00,0.0,1,5.0,5.0,5.0,5.0,5.0,5.0,0,0.0,N/A,N/A,N/A,N/A,0.0,"{""LOW"": {""count"": 1, ""percent"": 100.0}}","{""QUALITY_AFFECTED"": {""count"": 1, ""percent"": 100.0}}",0.0,60.0,2,QUALITY_AFFECTED,0.25,LOW,"[""INSUFFICIENT_WINDOW"", ""LOW_LOCAL_VARIABILITY"", ""NEAR_GAP""]",regime_analysis_v2.1,episode_analysis_v2.1,v2.1_low100.0_high200.0_trend15.0_short3_medium6_persist2,quality affected,N/A,0.25,LOW,episode_analysis_v2.1
3,12,2,2,UNSTABLE_TRANSITION,2024-05-17T03:47:00+00:00,2024-05-19T05:47:00+00:00,50.0,51,19.0,23.0,2.0,28.0,12.902,11.0,4.0,21.053,0.353,0.08,20.0,-23.0,3.343,"{""LOW"": {""count"": 51, ""percent"": 100.0}}","{""UNSTABLE_TRANSITION"": {""count"": 51, ""percent"": 100.0}}",1.0,9.0,2,LOW_CONFIDENCE,0.835,HIGH,"[""INSUFFICIENT_WINDOW"", ""LOW_LOCAL_VARIABILITY"", ""NEAR_GAP"", ""RAW_SMOOTHED_DISAGREEMENT"", ""REPEATED_SIGN_CHANGES"", ""SHORT_MEDIUM_SLOPE_AGREEMENT"", ""SHORT_MEDIUM_SLOPE_DISAGREEMENT"", ""SLOPE_NEAR_THRESHOLD"", ""SUFFICIENT_WINDOW""]",regime_analysis_v2.1,episode_analysis_v2.1,v2.1_low100.0_high200.0_trend15.0_short3_medium6_persist2,unstable transition,0.451,0.835,HIGH,episode_analysis_v2.1
3,12,2,3,STABLE_LOW,2024-05-19T06:47:00+00:00,2024-05-19T08:47:00+00:00,2.0,3,26.0,25.0,25.0,28.0,26.333,26.0,-1.0,-3.846,0.667,-0.5,3.0,-3.0,4.5,"{""LOW"": {""count"": 3, ""percent"": 100.0}}","{""STABLE"": {""count"": 3, ""percent"": 100.0}}",52.0,6.0,2,OK,0.881,HIGH,"[""LONG_STABLE_DURATION"", ""LOW_LOCAL_VARIABILITY"", ""PERSISTENCE_ADJUSTED_STATE"", ""SHORT_MEDIUM_SLOPE_AGREEMENT"", ""SHORT_MEDIUM_SLOPE_DISAGREEMENT"", ""SLOPE_WITHIN_STABLE_THRESHOLD"", ""SUFFICIENT_WINDOW""]",regime_analysis_v2.1,episode_analysis_v2.1,v2.1_low100.0_high200.0_trend15.0_short3_medium6_persist2,stable low,1.833,0.881,HIGH,episode_analysis_v2.1
3,12,2,4,UNSTABLE_TRANSITION,2024-05-19T09:47:00+00:00,2024-05-19T14:47:00+00:00,5.0,6,18.0,11.0,11.0,30.0,21.167,20.0,-7.0,-38.889,-2.333,-1.4,10.0,-9.0,3.167,"{""LOW"": {""count"": 6, ""percent"": 100.0}}","{""UNSTABLE_TRANSITION"": {""count"": 6, ""percent"": 100.0}}",55.0,0.0,2,OK,0.929,HIGH,"[""LOW_LOCAL_VARIABILITY"", ""PERSISTENCE_ADJUSTED_STATE"", ""REPEATED_SIGN_CHANGES"", ""SHORT_MEDIUM_SLOPE_AGREEMENT"", ""SLOPE_WITHIN_STABLE_THRESHOLD"", ""SUFFICIENT_WINDOW""]",regime_analysis_v2.1,episode_analysis_v2.1,v2.1_low100.0_high200.0_trend15.0_short3_medium6_persist2,unstable transition,-1.917,0.929,HIGH,episode_analysis_v2.1
3,12,3,1,QUALITY_AFFECTED,2024-05-19T16:47:00+00:00,2024-05-19T16:47:00+00:00,0.0,1,11.0,11.0,11.0,11.0,11.0,11.0,0,0.0,N/A,N/A,N/A,N/A,0.0,"{""LOW"": {""count"": 1, ""percent"": 100.0}}","{""QUALITY_AFFECTED"": {""count"": 1, ""percent"": 100.0}}",0.0,1.0,2,QUALITY_AFFECTED,0.25,LOW,"[""INSUFFICIENT_WINDOW"", ""LOW_LOCAL_VARIABILITY"", ""NEAR_GAP""]",regime_analysis_v2.1,episode_analysis_v2.1,v2.1_low100.0_high200.0_trend15.0_short3_medium6_persist2,quality affected,N/A,0.25,LOW,episode_analysis_v2.1
3,12,3,2,UNSTABLE_TRANSITION,2024-05-19T17:47:00+00:00,2024-05-19T17:47:00+00:00,0.0,1,5.0,5.0,5.0,5.0,5.0,5.0,0,0.0,-6.0,N/A,-6.0,-6.0,3.0,"{""LOW"": {""count"": 1, ""percent"": 100.0}}","{""UNSTABLE_TRANSITION"": {""count"": 1, ""percent"": 100.0}}",1.0,0.0,2,LOW_CONFIDENCE_SHORT_EPISODE,0.39,LOW,"[""INSUFFICIENT_WINDOW"", ""LOW_LOCAL_VARIABILITY"", ""NEAR_GAP"", ""SHORT_MEDIUM_SLOPE_AGREEMENT"", ""SLOPE_NEAR_THRESHOLD""]",regime_analysis_v2.1,episode_analysis_v2.1,v2.1_low100.0_high200.0_trend15.0_short3_medium6_persist2,unstable transition,-6.0,0.39,LOW,episode_analysis_v2.1
3,12,4,1,QUALITY_AFFECTED,2024-05-19T19:47:00+00:00,2024-05-19T19:47:00+00:00,0.0,1,14.0,14.0,14.0,14.0,14.0,14.0,0,0.0,N/A,N/A,N/A,N/A,0.0,"{""LOW"": {""count"": 1, ""percent"": 100.0}}","{""QUALITY_AFFECTED"": {""count"": 1, ""percent"": 100.0}}",0.0,37.0,2,QUALITY_AFFECTED,0.25,LOW,"[""INSUFFICIENT_WINDOW"", ""LOW_LOCAL_VARIABILITY"", ""NEAR_GAP""]",regime_analysis_v2.1,episode_analysis_v2.1,v2.1_low100.0_high200.0_trend15.0_short3_medium6_persist2,quality affected,N/A,0.25,LOW,episode_analysis_v2.1
3,12,4,2,STABLE_LOW,2024-05-19T20:47:00+00:00,2024-05-19T21:47:00+00:00,1.0,2,9.0,18.0,9.0,18.0,13.5,13.5,9.0,100.0,2.0,9.0,9.0,-5.0,3.25,"{""LOW"": {""count"": 2, ""percent"": 100.0}}","{""STABLE"": {""count"": 2, ""percent"": 100.0}}",1.0,35.0,2,LOW_CONFIDENCE,0.648,MEDIUM,"[""INSUFFICIENT_WINDOW"", ""LONG_STABLE_DURATION"", ""LOW_LOCAL_VARIABILITY"", ""NEAR_GAP"", ""SHORT_MEDIUM_SLOPE_AGREEMENT"", ""SLOPE_WITHIN_STABLE_THRESHOLD"", ""SUFFICIENT_WINDOW""]",regime_analysis_v2.1,episode_analysis_v2.1,v2.1_low100.0_high200.0_trend15.0_short3_medium6_persist2,stable low,-1.5,0.648,MEDIUM,episode_analysis_v2.1
3,12,4,3,UNSTABLE_TRANSITION,2024-05-19T22:47:00+00:00,2024-05-21T08:47:00+00:00,34.0,35,11.0,14.0,5.0,37.0,21.143,21.0,3.0,27.273,-0.114,0.088,16.0,-16.0,3.786,"{""LOW"": {""count"": 35, ""percent"": 100.0}}","{""UNSTABLE_TRANSITION"": {""count"": 35, ""percent"": 100.0}}",3.0,0.0,2,OK,0.846,HIGH,"[""LOW_LOCAL_VARIABILITY"", ""PERSISTENCE_ADJUSTED_STATE"", ""RAW_SMOOTHED_DISAGREEMENT"", ""REPEATED_SIGN_CHANGES"", ""SHORT_MEDIUM_SLOPE_AGREEMENT"", ""SHORT_MEDIUM_SLOPE_DISAGREEMENT"", ""SLOPE_NEAR_THRESHOLD"", ""SLOPE_WITHIN_STABLE_THRESHOLD"", ""SUFFICIENT_WINDOW""]",regime_analysis_v2.1,episode_analysis_v2.1,v2.1_low100.0_high200.0_trend15.0_short3_medium6_persist2,unstable transition,0.043,0.846,HIGH,episode_analysis_v2.1
3,12,5,1,QUALITY_AFFECTED,2024-05-21T10:47:00+00:00,2024-05-21T10:47:00+00:00,0.0,1,7.0,7.0,7.0,7.0,7.0,7.0,0,0.0,N/A,N/A,N/A,N/A,0.0,"{""LOW"": {""count"": 1, ""percent"": 100.0}}","{""QUALITY_AFFECTED"": {""count"": 1, ""percent"": 100.0}}",0.0,360.967,2,QUALITY_AFFECTED,0.25,LOW,"[""INSUFFICIENT_WINDOW"", ""LOW_LOCAL_VARIABILITY"", ""NEAR_GAP""]",regime_analysis_v2.1,episode_analysis_v2.1,v2.1_low100.0_high200.0_trend15.0_short3_medium6_persist2,quality affected,N/A,0.25,LOW,episode_analysis_v2.1
3,12,5,2,STABLE_LOW,2024-05-21T11:47:00+00:00,2024-05-21T12:47:00+00:00,1.0,2,7.0,2.0,2.0,7.0,4.5,4.5,-5.0,-71.429,-2.5,-5.0,0.0,-5.0,0.0,"{""LOW"": {""count"": 2, ""percent"": 100.0}}","{""STABLE"": {""count"": 2, ""percent"": 100.0}}",1.0,358.967,2,LOW_CONFIDENCE,0.584,MEDIUM,"[""INSUFFICIENT_WINDOW"", ""LONG_STABLE_DURATION"", ""LOW_LOCAL_VARIABILITY"", ""NEAR_GAP"", ""SHORT_MEDIUM_SLOPE_AGREEMENT"", ""SLOPE_WITHIN_STABLE_THRESHOLD"", ""SUFFICIENT_WINDOW""]",regime_analysis_v2.1,episode_analysis_v2.1,v2.1_low100.0_high200.0_trend15.0_short3_medium6_persist2,stable low,-1.25,0.584,MEDIUM,episode_analysis_v2.1
3,12,5,3,UNSTABLE_TRANSITION,2024-05-21T13:47:00+00:00,2024-05-22T18:47:00+00:00,29.0,30,23.0,2.0,2.0,23.0,7.967,7.0,-21.0,-91.304,0.0,-0.724,21.0,-21.0,3.2,"{""LOW"": {""count"": 30, ""percent"": 100.0}}","{""UNSTABLE_TRANSITION"": {""count"": 30, ""percent"": 100.0}}",3.0,328.967,2,OK,0.831,HIGH,"[""LOW_LOCAL_VARIABILITY"", ""PERSISTENCE_ADJUSTED_STATE"", ""RAW_SMOOTHED_DISAGREEMENT"", ""REPEATED_SIGN_CHANGES"", ""SHORT_MEDIUM_SLOPE_AGREEMENT"", ""SHORT_MEDIUM_SLOPE_DISAGREEMENT"", ""SLOPE_NEAR_THRESHOLD"", ""SLOPE_WITHIN_STABLE_THRESHOLD"", ""SUFFICIENT_WINDOW""]",regime_analysis_v2.1,episode_analysis_v2.1,v2.1_low100.0_high200.0_trend15.0_short3_medium6_persist2,unstable transition,-0.083,0.831,HIGH,episode_analysis_v2.1
3,12,5,4,STABLE_LOW,2024-05-22T19:47:00+00:00,2024-05-22T19:47:00+00:00,0.0,1,9.0,9.0,9.0,9.0,9.0,9.0,0,0.0,7.0,N/A,7.0,7.0,3.0,"{""LOW"": {""count"": 1, ""percent"": 100.0}}","{""STABLE"": {""count"": 1, ""percent"": 100.0}}",33.0,327.967,2,LOW_CONFIDENCE_SHORT_EPISODE,0.923,HIGH,"[""LONG_STABLE_DURATION"", ""LOW_LOCAL_VARIABILITY"", ""PERSISTENCE_ADJUSTED_STATE"", ""REPEATED_SIGN_CHANGES"", ""SHORT_MEDIUM_SLOPE_AGREEMENT"", ""SUFFICIENT_WINDOW""]",regime_analysis_v2.1,episode_analysis_v2.1,v2.1_low100.0_high200.0_trend15.0_short3_medium6_persist2,stable low,3.5,0.923,HIGH,episode_analysis_v2.1
3,12,5,5,UNSTABLE_TRANSITION,2024-05-22T20:47:00+00:00,2024-05-24T14:47:00+00:00,42.0,43,11.0,11.0,5.0,28.0,12.977,11.0,0.0,0.0,0.047,0.0,15.0,-21.0,2.512,"{""LOW"": {""count"": 43, ""percent"": 100.0}}","{""UNSTABLE_TRANSITION"": {""count"": 43, ""percent"": 100.0}}",34.0,284.967,2,OK,0.842,HIGH,"[""LOW_LOCAL_VARIABILITY"", ""PERSISTENCE_ADJUSTED_STATE"", ""RAW_SMOOTHED_DISAGREEMENT"", ""REPEATED_SIGN_CHANGES"", ""SHORT_MEDIUM_SLOPE_AGREEMENT"", ""SHORT_MEDIUM_SLOPE_DISAGREEMENT"", ""SLOPE_NEAR_THRESHOLD"", ""SLOPE_WITHIN_STABLE_THRESHOLD"", ""SUFFICIENT_WINDOW""]",regime_analysis_v2.1,episode_analysis_v2.1,v2.1_low100.0_high200.0_trend15.0_short3_medium6_persist2,unstable transition,0.163,0.842,HIGH,episode_analysis_v2.1
3,12,5,6,STABLE_LOW,2024-05-24T15:47:00+00:00,2024-05-24T16:47:00+00:00,1.0,2,11.0,7.0,7.0,11.0,9.0,9.0,-4.0,-36.364,-2.0,-4.0,0.0,-4.0,3.5,"{""LOW"": {""count"": 2, ""percent"": 100.0}}","{""STABLE"": {""count"": 2, ""percent"": 100.0}}",77.0,282.967,2,OK,0.911,HIGH,"[""LONG_STABLE_DURATION"", ""LOW_LOCAL_VARIABILITY"", ""SHORT_MEDIUM_SLOPE_AGREEMENT"", ""SLOPE_WITHIN_STABLE_THRESHOLD"", ""SUFFICIENT_WINDOW""]",regime_analysis_v2.1,episode_analysis_v2.1,v2.1_low100.0_high200.0_trend15.0_short3_medium6_persist2,stable low,-1.75,0.911,HIGH,episode_analysis_v2.1
3,12,5,7,UNSTABLE_TRANSITION,2024-05-24T17:47:00+00:00,2024-05-25T08:47:00+00:00,15.0,16,2.0,14.0,0.0,25.0,11.25,11.0,12.0,600.0,0.438,0.8,16.0,-16.0,2.875,"{""LOW"": {""count"": 16, ""percent"": 100.0}}","{""UNSTABLE_TRANSITION"": {""count"": 16, ""percent"": 100.0}}",79.0,266.967,2,OK,0.847,HIGH,"[""LOW_LOCAL_VARIABILITY"", ""RAW_SMOOTHED_DISAGREEMENT"", ""REPEATED_SIGN_CHANGES"", ""SHORT_MEDIUM_SLOPE_AGREEMENT"", ""SHORT_MEDIUM_SLOPE_DISAGREEMENT"", ""SLOPE_NEAR_THRESHOLD"", ""SUFFICIENT_WINDOW""]",regime_analysis_v2.1,episode_analysis_v2.1,v2.1_low100.0_high200.0_trend15.0_short3_medium6_persist2,unstable transition,0.219,0.847,HIGH,episode_analysis_v2.1
3,12,5,8,ACCUMULATION,2024-05-25T09:47:00+00:00,2024-05-25T10:47:00+00:00,1.0,2,47.0,74.0,47.0,74.0,60.5,60.5,27.0,57.447,30.0,27.0,33.0,27.0,2.25,"{""LOW"": {""count"": 2, ""percent"": 100.0}}","{""RISING"": {""count"": 2, ""percent"": 100.0}}",95.0,264.967,2,OK,0.935,HIGH,"[""LOW_LOCAL_VARIABILITY"", ""SHORT_MEDIUM_SLOPE_AGREEMENT"", ""SHORT_SLOPE_POSITIVE"", ""SLOPE_NEAR_THRESHOLD"", ""STRONG_PERSISTENT_TREND"", ""SUFFICIENT_WINDOW""]",regime_analysis_v2.1,episode_analysis_v2.1,v2.1_low100.0_high200.0_trend15.0_short3_medium6_persist2,accumulation,24.0,0.935,HIGH,episode_analysis_v2.1
3,12,5,9,UNSTABLE_TRANSITION,2024-05-25T11:47:00+00:00,2024-05-29T14:47:00+00:00,99.0,100,64.0,251.0,64.0,284.0,196.3,207.0,187.0,292.188,1.77,1.889,59.0,-64.0,11.23,"{""ELEVATED"": {""count"": 33, ""percent"": 33.0}, ""HIGH"": {""count"": 61, ""percent"": 61.0}, ""LOW"": {""count"": 6, ""percent"": 6.0}}","{""UNSTABLE_TRANSITION"": {""count"": 100, ""percent"": 100.0}}",97.0,164.967,2,OK,0.837,HIGH,"[""HIGH_LOCAL_VARIABILITY"", ""LOW_LOCAL_VARIABILITY"", ""PERSISTENCE_ADJUSTED_STATE"", ""RAW_SMOOTHED_DISAGREEMENT"", ""REPEATED_SIGN_CHANGES"", ""SHORT_MEDIUM_SLOPE_AGREEMENT"", ""SHORT_MEDIUM_SLOPE_DISAGREEMENT"", ""SHORT_SLOPE_NEGATIVE"", ""SHORT_SLOPE_POSITIVE"", ""SLOPE_NEAR_THRESHOLD"", ""SUFFICIENT_WINDOW""]",regime_analysis_v2.1,episode_analysis_v2.1,v2.1_low100.0_high200.0_trend15.0_short3_medium6_persist2,unstable transition,1.94,0.837,HIGH,episode_analysis_v2.1
3,12,5,10,DECLINE,2024-05-29T15:47:00+00:00,2024-05-29T16:47:00+00:00,1.0,2,207.0,183.0,183.0,207.0,195.0,195.0,-24.0,-11.594,-34.0,-24.0,-24.0,-44.0,16.5,"{""ELEVATED"": {""count"": 1, ""percent"": 50.0}, ""HIGH"": {""count"": 1, ""percent"": 50.0}}","{""FALLING"": {""count"": 2, ""percent"": 100.0}}",197.0,162.967,2,OK,1.0,HIGH,"[""LOW_LOCAL_VARIABILITY"", ""SHORT_MEDIUM_SLOPE_AGREEMENT"", ""SHORT_SLOPE_NEGATIVE"", ""STRONG_PERSISTENT_TREND"", ""SUFFICIENT_WINDOW""]",regime_analysis_v2.1,episode_analysis_v2.1,v2.1_low100.0_high200.0_trend15.0_short3_medium6_persist2,controlled or natural decline,-29.75,1.0,HIGH,episode_analysis_v2.1
3,12,5,11,UNSTABLE_TRANSITION,2024-05-29T17:47:00+00:00,2024-05-29T22:47:00+00:00,5.0,6,168.0,228.0,168.0,238.0,204.333,204.5,60.0,35.714,7.5,12.0,29.0,-15.0,19.0,"{""ELEVATED"": {""count"": 3, ""percent"": 50.0}, ""HIGH"": {""count"": 3, ""percent"": 50.0}}","{""UNSTABLE_TRANSITION"": {""count"": 6, ""percent"": 100.0}}",199.0,156.967,2,OK,0.755,HIGH,"[""HIGH_LOCAL_VARIABILITY"", ""LOW_LOCAL_VARIABILITY"", ""RAW_SMOOTHED_DISAGREEMENT"", ""REPEATED_SIGN_CHANGES"", ""SHORT_MEDIUM_SLOPE_AGREEMENT"", ""SHORT_MEDIUM_SLOPE_DISAGREEMENT"", ""SLOPE_NEAR_THRESHOLD"", ""SUFFICIENT_WINDOW""]",regime_analysis_v2.1,episode_analysis_v2.1,v2.1_low100.0_high200.0_trend15.0_short3_medium6_persist2,unstable transition,6.333,0.755,HIGH,episode_analysis_v2.1
3,12,5,12,SUDDEN_DROP_EVENT,2024-05-29T23:47:00+00:00,2024-05-30T00:47:00+00:00,1.0,2,46.0,21.0,21.0,46.0,33.5,33.5,-25.0,-54.348,-103.5,-25.0,-25.0,-182.0,29.0,"{""LOW"": {""count"": 2, ""percent"": 100.0}}","{""SUDDEN_DROP"": {""count"": 2, ""percent"": 100.0}}",205.0,154.967,2,OK,0.85,HIGH,"[""HIGH_LOCAL_VARIABILITY"", ""SHORT_MEDIUM_SLOPE_AGREEMENT"", ""STRONG_PERSISTENT_TREND"", ""SUDDEN_NEGATIVE_CHANGE"", ""SUFFICIENT_WINDOW""]",regime_analysis_v2.1,episode_analysis_v2.1,v2.1_low100.0_high200.0_trend15.0_short3_medium6_persist2,sudden drop,-99.75,0.85,HIGH,episode_analysis_v2.1
3,12,5,13,UNSTABLE_TRANSITION,2024-05-30T01:47:00+00:00,2024-05-31T04:47:00+00:00,27.0,28,33.0,2.0,2.0,33.0,16.429,16.0,-31.0,-93.939,-0.679,-1.148,14.0,-14.0,6.964,"{""LOW"": {""count"": 28, ""percent"": 100.0}}","{""UNSTABLE_TRANSITION"": {""count"": 28, ""percent"": 100.0}}",207.0,126.967,2,OK,0.868,HIGH,"[""HIGH_LOCAL_VARIABILITY"", ""LOW_LOCAL_VARIABILITY"", ""RAW_SMOOTHED_DISAGREEMENT"", ""REPEATED_SIGN_CHANGES"", ""SHORT_MEDIUM_SLOPE_AGREEMENT"", ""SHORT_MEDIUM_SLOPE_DISAGREEMENT"", ""SUFFICIENT_WINDOW""]",regime_analysis_v2.1,episode_analysis_v2.1,v2.1_low100.0_high200.0_trend15.0_short3_medium6_persist2,unstable transition,-0.964,0.868,HIGH,episode_analysis_v2.1
3,12,5,14,STABLE_LOW,2024-05-31T05:47:00+00:00,2024-05-31T06:47:00+00:00,1.0,2,2.0,2.0,2.0,2.0,2.0,2.0,0.0,0.0,0.0,0.0,0.0,0.0,3.25,"{""LOW"": {""count"": 2, ""percent"": 100.0}}","{""STABLE"": {""count"": 2, ""percent"": 100.0}}",235.0,124.967,2,OK,0.865,HIGH,"[""LONG_STABLE_DURATION"", ""LOW_LOCAL_VARIABILITY"", ""SHORT_MEDIUM_SLOPE_AGREEMENT"", ""SLOPE_WITHIN_STABLE_THRESHOLD"", ""SUFFICIENT_WINDOW""]",regime_analysis_v2.1,episode_analysis_v2.1,v2.1_low100.0_high200.0_trend15.0_short3_medium6_persist2,stable low,-2.25,0.865,HIGH,episode_analysis_v2.1
3,12,5,15,UNSTABLE_TRANSITION,2024-05-31T07:47:00+00:00,2024-06-01T12:45:00+00:00,28.967,30,11.0,16.0,2.0,19.0,10.633,11.0,5.0,45.455,0.472,0.173,11.0,-10.0,2.017,"{""LOW"": {""count"": 30, ""percent"": 100.0}}","{""UNSTABLE_TRANSITION"": {""count"": 30, ""percent"": 100.0}}",237.0,95.0,2,OK,0.845,HIGH,"[""LOW_LOCAL_VARIABILITY"", ""PERSISTENCE_ADJUSTED_STATE"", ""RAW_SMOOTHED_DISAGREEMENT"", ""REPEATED_SIGN_CHANGES"", ""SHORT_MEDIUM_SLOPE_AGREEMENT"", ""SHORT_MEDIUM_SLOPE_DISAGREEMENT"", ""SLOPE_WITHIN_STABLE_THRESHOLD"", ""SUFFICIENT_WINDOW""]",regime_analysis_v2.1,episode_analysis_v2.1,v2.1_low100.0_high200.0_trend15.0_short3_medium6_persist2,unstable transition,0.387,0.845,HIGH,episode_analysis_v2.1
3,12,5,16,SUDDEN_DROP_EVENT,2024-06-01T12:47:00+00:00,2024-06-01T12:47:00+00:00,0.0,1,11.0,11.0,11.0,11.0,11.0,11.0,0,0.0,-150.0,N/A,-150.0,-150.0,2.0,"{""LOW"": {""count"": 1, ""percent"": 100.0}}","{""SUDDEN_DROP"": {""count"": 1, ""percent"": 100.0}}",266.0,94.967,2,LOW_CONFIDENCE_SHORT_EPISODE,0.8,HIGH,"[""LOW_LOCAL_VARIABILITY"", ""SUDDEN_NEGATIVE_CHANGE"", ""SUFFICIENT_WINDOW""]",regime_analysis_v2.1,episode_analysis_v2.1,v2.1_low100.0_high200.0_trend15.0_short3_medium6_persist2,sudden drop,0.0,0.8,HIGH,episode_analysis_v2.1
3,12,5,17,UNSTABLE_TRANSITION,2024-06-01T13:45:00+00:00,2024-06-03T16:45:00+00:00,51.0,52,18.0,28.0,2.0,33.0,16.327,16.0,10.0,55.556,0.332,0.196,21.0,-14.0,3.413,"{""LOW"": {""count"": 52, ""percent"": 100.0}}","{""UNSTABLE_TRANSITION"": {""count"": 52, ""percent"": 100.0}}",266.967,43.0,2,OK,0.871,HIGH,"[""LOW_LOCAL_VARIABILITY"", ""PERSISTENCE_ADJUSTED_STATE"", ""RAW_SMOOTHED_DISAGREEMENT"", ""REPEATED_SIGN_CHANGES"", ""SHORT_MEDIUM_SLOPE_AGREEMENT"", ""SHORT_MEDIUM_SLOPE_DISAGREEMENT"", ""SLOPE_NEAR_THRESHOLD"", ""SLOPE_WITHIN_STABLE_THRESHOLD"", ""SUFFICIENT_WINDOW""]",regime_analysis_v2.1,episode_analysis_v2.1,v2.1_low100.0_high200.0_trend15.0_short3_medium6_persist2,unstable transition,0.212,0.871,HIGH,episode_analysis_v2.1
3,12,5,18,STABLE_LOW,2024-06-03T17:45:00+00:00,2024-06-03T17:45:00+00:00,0.0,1,32.0,32.0,32.0,32.0,32.0,32.0,0,0.0,4.0,N/A,4.0,4.0,6.0,"{""LOW"": {""count"": 1, ""percent"": 100.0}}","{""STABLE"": {""count"": 1, ""percent"": 100.0}}",318.967,42.0,2,LOW_CONFIDENCE_SHORT_EPISODE,0.943,HIGH,"[""LOW_LOCAL_VARIABILITY"", ""PERSISTENCE_ADJUSTED_STATE"", ""SHORT_MEDIUM_SLOPE_AGREEMENT"", ""SLOPE_NEAR_THRESHOLD"", ""SUFFICIENT_WINDOW""]",regime_analysis_v2.1,episode_analysis_v2.1,v2.1_low100.0_high200.0_trend15.0_short3_medium6_persist2,stable low,6.5,0.943,HIGH,episode_analysis_v2.1
3,12,5,19,UNSTABLE_TRANSITION,2024-06-03T18:45:00+00:00,2024-06-05T11:45:00+00:00,41.0,42,32.0,14.0,0.0,44.0,17.31,14.0,-18.0,-56.25,-0.429,-0.439,28.0,-30.0,4.44,"{""LOW"": {""count"": 42, ""percent"": 100.0}}","{""UNSTABLE_TRANSITION"": {""count"": 42, ""percent"": 100.0}}",319.967,0.0,2,OK,0.857,HIGH,"[""LOW_LOCAL_VARIABILITY"", ""PERSISTENCE_ADJUSTED_STATE"", ""RAW_SMOOTHED_DISAGREEMENT"", ""REPEATED_SIGN_CHANGES"", ""SHORT_MEDIUM_SLOPE_AGREEMENT"", ""SHORT_MEDIUM_SLOPE_DISAGREEMENT"", ""SHORT_SLOPE_NEGATIVE"", ""SLOPE_NEAR_THRESHOLD"", ""SLOPE_WITHIN_STABLE_THRESHOLD"", ""SUFFICIENT_WINDOW""]",regime_analysis_v2.1,episode_analysis_v2.1,v2.1_low100.0_high200.0_trend15.0_short3_medium6_persist2,unstable transition,-0.381,0.857,HIGH,episode_analysis_v2.1
3,12,6,1,QUALITY_AFFECTED,2024-06-05T13:44:00+00:00,2024-06-05T13:44:00+00:00,0.0,1,5.0,5.0,5.0,5.0,5.0,5.0,0,0.0,N/A,N/A,N/A,N/A,0.0,"{""LOW"": {""count"": 1, ""percent"": 100.0}}","{""QUALITY_AFFECTED"": {""count"": 1, ""percent"": 100.0}}",0.0,270.0,2,QUALITY_AFFECTED,0.25,LOW,"[""INSUFFICIENT_WINDOW"", ""LOW_LOCAL_VARIABILITY"", ""NEAR_GAP""]",regime_analysis_v2.1,episode_analysis_v2.1,v2.1_low100.0_high200.0_trend15.0_short3_medium6_persist2,quality affected,N/A,0.25,LOW,episode_analysis_v2.1
3,12,6,2,STABLE_LOW,2024-06-05T14:44:00+00:00,2024-06-05T15:44:00+00:00,1.0,2,7.0,14.0,7.0,14.0,10.5,10.5,7.0,100.0,4.5,7.0,7.0,2.0,1.5,"{""LOW"": {""count"": 2, ""percent"": 100.0}}","{""STABLE"": {""count"": 2, ""percent"": 100.0}}",1.0,268.0,2,LOW_CONFIDENCE,0.647,MEDIUM,"[""INSUFFICIENT_WINDOW"", ""LONG_STABLE_DURATION"", ""LOW_LOCAL_VARIABILITY"", ""NEAR_GAP"", ""SHORT_MEDIUM_SLOPE_AGREEMENT"", ""SLOPE_WITHIN_STABLE_THRESHOLD"", ""SUFFICIENT_WINDOW""]",regime_analysis_v2.1,episode_analysis_v2.1,v2.1_low100.0_high200.0_trend15.0_short3_medium6_persist2,stable low,3.25,0.647,MEDIUM,episode_analysis_v2.1
3,12,6,3,UNSTABLE_TRANSITION,2024-06-05T16:44:00+00:00,2024-06-06T21:44:00+00:00,29.0,30,11.0,23.0,5.0,41.0,20.167,18.5,12.0,109.091,0.3,0.414,17.0,-16.0,5.0,"{""LOW"": {""count"": 30, ""percent"": 100.0}}","{""UNSTABLE_TRANSITION"": {""count"": 30, ""percent"": 100.0}}",3.0,238.0,2,OK,0.861,HIGH,"[""LOW_LOCAL_VARIABILITY"", ""RAW_SMOOTHED_DISAGREEMENT"", ""REPEATED_SIGN_CHANGES"", ""SHORT_MEDIUM_SLOPE_AGREEMENT"", ""SHORT_MEDIUM_SLOPE_DISAGREEMENT"", ""SLOPE_NEAR_THRESHOLD"", ""SUFFICIENT_WINDOW""]",regime_analysis_v2.1,episode_analysis_v2.1,v2.1_low100.0_high200.0_trend15.0_short3_medium6_persist2,unstable transition,0.45,0.861,HIGH,episode_analysis_v2.1
3,12,6,4,STABLE_LOW,2024-06-06T22:44:00+00:00,2024-06-06T23:44:00+00:00,1.0,2,19.0,18.0,18.0,19.0,18.5,18.5,-1.0,-5.263,-2.5,-1.0,-1.0,-4.0,4.75,"{""LOW"": {""count"": 2, ""percent"": 100.0}}","{""STABLE"": {""count"": 2, ""percent"": 100.0}}",33.0,236.0,2,OK,0.919,HIGH,"[""LONG_STABLE_DURATION"", ""LOW_LOCAL_VARIABILITY"", ""SHORT_MEDIUM_SLOPE_AGREEMENT"", ""SLOPE_WITHIN_STABLE_THRESHOLD"", ""SUFFICIENT_WINDOW""]",regime_analysis_v2.1,episode_analysis_v2.1,v2.1_low100.0_high200.0_trend15.0_short3_medium6_persist2,stable low,-2.75,0.919,HIGH,episode_analysis_v2.1
3,12,6,5,UNSTABLE_TRANSITION,2024-06-07T00:44:00+00:00,2024-06-07T16:44:00+00:00,16.0,17,21.0,57.0,14.0,57.0,26.176,23.0,36.0,171.429,2.294,2.25,17.0,-10.0,2.029,"{""LOW"": {""count"": 17, ""percent"": 100.0}}","{""UNSTABLE_TRANSITION"": {""count"": 17, ""percent"": 100.0}}",35.0,219.0,2,OK,0.858,HIGH,"[""LOW_LOCAL_VARIABILITY"", ""PERSISTENCE_ADJUSTED_STATE"", ""RAW_SMOOTHED_DISAGREEMENT"", ""REPEATED_SIGN_CHANGES"", ""SHORT_MEDIUM_SLOPE_AGREEMENT"", ""SHORT_MEDIUM_SLOPE_DISAGREEMENT"", ""SHORT_SLOPE_POSITIVE"", ""SLOPE_NEAR_THRESHOLD"", ""SUFFICIENT_WINDOW""]",regime_analysis_v2.1,episode_analysis_v2.1,v2.1_low100.0_high200.0_trend15.0_short3_medium6_persist2,unstable transition,1.824,0.858,HIGH,episode_analysis_v2.1
3,12,6,6,ACCUMULATION,2024-06-07T17:44:00+00:00,2024-06-07T17:44:00+00:00,0.0,1,42.0,42.0,42.0,42.0,42.0,42.0,0,0.0,-15.0,N/A,-15.0,-15.0,8.5,"{""LOW"": {""count"": 1, ""percent"": 100.0}}","{""RISING"": {""count"": 1, ""percent"": 100.0}}",52.0,218.0,2,LOW_CONFIDENCE_SHORT_EPISODE,0.8,HIGH,"[""LOW_LOCAL_VARIABILITY"", ""PERSISTENCE_ADJUSTED_STATE"", ""SLOPE_WITHIN_STABLE_THRESHOLD"", ""SUFFICIENT_WINDOW""]",regime_analysis_v2.1,episode_analysis_v2.1,v2.1_low100.0_high200.0_trend15.0_short3_medium6_persist2,accumulation,0.0,0.8,HIGH,episode_analysis_v2.1
3,12,6,7,UNSTABLE_TRANSITION,2024-06-07T18:44:00+00:00,2024-06-13T21:44:00+00:00,147.0,148,37.0,223.0,7.0,277.0,105.709,79.5,186.0,502.703,1.223,1.265,74.0,-63.0,8.159,"{""ELEVATED"": {""count"": 27, ""percent"": 18.24}, ""HIGH"": {""count"": 41, ""percent"": 27.7}, ""LOW"": {""count"": 80, ""percent"": 54.05}}","{""UNSTABLE_TRANSITION"": {""count"": 148, ""percent"": 100.0}}",53.0,70.0,2,OK,0.837,HIGH,"[""HIGH_LOCAL_VARIABILITY"", ""LOW_LOCAL_VARIABILITY"", ""PERSISTENCE_ADJUSTED_STATE"", ""RAW_SMOOTHED_DISAGREEMENT"", ""REPEATED_SIGN_CHANGES"", ""SHORT_MEDIUM_SLOPE_AGREEMENT"", ""SHORT_MEDIUM_SLOPE_DISAGREEMENT"", ""SHORT_SLOPE_POSITIVE"", ""SLOPE_NEAR_THRESHOLD"", ""SLOPE_WITHIN_STABLE_THRESHOLD"", ""SUFFICIENT_WINDOW""]",regime_analysis_v2.1,episode_analysis_v2.1,v2.1_low100.0_high200.0_trend15.0_short3_medium6_persist2,unstable transition,1.061,0.837,HIGH,episode_analysis_v2.1
3,12,6,8,SUDDEN_DROP_EVENT,2024-06-13T22:44:00+00:00,2024-06-13T23:44:00+00:00,1.0,2,143.0,35.0,35.0,143.0,89.0,89.0,-108.0,-75.524,-94.0,-108.0,-80.0,-108.0,24.25,"{""ELEVATED"": {""count"": 1, ""percent"": 50.0}, ""LOW"": {""count"": 1, ""percent"": 50.0}}","{""SUDDEN_DROP"": {""count"": 2, ""percent"": 100.0}}",201.0,68.0,2,OK,0.925,HIGH,"[""HIGH_LOCAL_VARIABILITY"", ""LOW_LOCAL_VARIABILITY"", ""SHORT_MEDIUM_SLOPE_AGREEMENT"", ""STRONG_PERSISTENT_TREND"", ""SUDDEN_NEGATIVE_CHANGE"", ""SUFFICIENT_WINDOW""]",regime_analysis_v2.1,episode_analysis_v2.1,v2.1_low100.0_high200.0_trend15.0_short3_medium6_persist2,sudden drop,-58.75,0.925,HIGH,episode_analysis_v2.1
3,12,6,9,UNSTABLE_TRANSITION,2024-06-14T00:44:00+00:00,2024-06-15T07:44:00+00:00,31.0,32,30.0,14.0,2.0,30.0,13.75,11.0,-16.0,-53.333,-0.656,-0.516,21.0,-19.0,8.891,"{""LOW"": {""count"": 32, ""percent"": 100.0}}","{""UNSTABLE_TRANSITION"": {""count"": 32, ""percent"": 100.0}}",203.0,36.0,2,OK,0.845,HIGH,"[""HIGH_LOCAL_VARIABILITY"", ""LOW_LOCAL_VARIABILITY"", ""PERSISTENCE_ADJUSTED_STATE"", ""RAW_SMOOTHED_DISAGREEMENT"", ""REPEATED_SIGN_CHANGES"", ""SHORT_MEDIUM_SLOPE_AGREEMENT"", ""SHORT_MEDIUM_SLOPE_DISAGREEMENT"", ""SHORT_SLOPE_NEGATIVE"", ""SLOPE_NEAR_THRESHOLD"", ""SLOPE_WITHIN_STABLE_THRESHOLD"", ""SUFFICIENT_WINDOW""]",regime_analysis_v2.1,episode_analysis_v2.1,v2.1_low100.0_high200.0_trend15.0_short3_medium6_persist2,unstable transition,-2.391,0.845,HIGH,episode_analysis_v2.1
3,12,6,10,STABLE_LOW,2024-06-15T08:44:00+00:00,2024-06-15T11:44:00+00:00,3.0,4,16.0,11.0,11.0,25.0,17.5,17.0,-5.0,-31.25,-0.75,-1.667,7.0,-14.0,3.25,"{""LOW"": {""count"": 4, ""percent"": 100.0}}","{""STABLE"": {""count"": 4, ""percent"": 100.0}}",235.0,32.0,2,OK,0.896,HIGH,"[""LONG_STABLE_DURATION"", ""LOW_LOCAL_VARIABILITY"", ""SHORT_MEDIUM_SLOPE_AGREEMENT"", ""SLOPE_WITHIN_STABLE_THRESHOLD"", ""SUFFICIENT_WINDOW""]",regime_analysis_v2.1,episode_analysis_v2.1,v2.1_low100.0_high200.0_trend15.0_short3_medium6_persist2,stable low,1.375,0.896,HIGH,episode_analysis_v2.1
3,12,6,11,UNSTABLE_TRANSITION,2024-06-15T12:44:00+00:00,2024-06-15T15:44:00+00:00,3.0,4,14.0,11.0,11.0,14.0,11.75,11.0,-3.0,-21.429,0.0,-1.0,3.0,-3.0,1.75,"{""LOW"": {""count"": 4, ""percent"": 100.0}}","{""UNSTABLE_TRANSITION"": {""count"": 4, ""percent"": 100.0}}",239.0,28.0,2,OK,0.812,HIGH,"[""LOW_LOCAL_VARIABILITY"", ""RAW_SMOOTHED_DISAGREEMENT"", ""REPEATED_SIGN_CHANGES"", ""SHORT_MEDIUM_SLOPE_AGREEMENT"", ""SUFFICIENT_WINDOW""]",regime_analysis_v2.1,episode_analysis_v2.1,v2.1_low100.0_high200.0_trend15.0_short3_medium6_persist2,unstable transition,-1.75,0.812,HIGH,episode_analysis_v2.1
3,12,6,12,STABLE_LOW,2024-06-15T16:44:00+00:00,2024-06-15T17:44:00+00:00,1.0,2,9.0,19.0,9.0,19.0,14.0,14.0,10.0,111.111,4.0,10.0,10.0,-2.0,0.5,"{""LOW"": {""count"": 2, ""percent"": 100.0}}","{""STABLE"": {""count"": 2, ""percent"": 100.0}}",243.0,26.0,2,OK,0.917,HIGH,"[""LONG_STABLE_DURATION"", ""LOW_LOCAL_VARIABILITY"", ""SHORT_MEDIUM_SLOPE_AGREEMENT"", ""SLOPE_WITHIN_STABLE_THRESHOLD"", ""SUFFICIENT_WINDOW""]",regime_analysis_v2.1,episode_analysis_v2.1,v2.1_low100.0_high200.0_trend15.0_short3_medium6_persist2,stable low,1.5,0.917,HIGH,episode_analysis_v2.1
3,12,6,13,UNSTABLE_TRANSITION,2024-06-15T18:44:00+00:00,2024-06-16T19:44:00+00:00,25.0,26,11.0,11.0,5.0,44.0,17.962,15.0,0.0,0.0,-0.308,0.0,19.0,-22.0,3.769,"{""LOW"": {""count"": 26, ""percent"": 100.0}}","{""UNSTABLE_TRANSITION"": {""count"": 26, ""percent"": 100.0}}",245.0,0.0,2,OK,0.843,HIGH,"[""LOW_LOCAL_VARIABILITY"", ""PERSISTENCE_ADJUSTED_STATE"", ""RAW_SMOOTHED_DISAGREEMENT"", ""REPEATED_SIGN_CHANGES"", ""SHORT_MEDIUM_SLOPE_AGREEMENT"", ""SHORT_MEDIUM_SLOPE_DISAGREEMENT"", ""SLOPE_NEAR_THRESHOLD"", ""SLOPE_WITHIN_STABLE_THRESHOLD"", ""SUFFICIENT_WINDOW""]",regime_analysis_v2.1,episode_analysis_v2.1,v2.1_low100.0_high200.0_trend15.0_short3_medium6_persist2,unstable transition,-0.058,0.843,HIGH,episode_analysis_v2.1
3,12,7,1,QUALITY_AFFECTED,2024-06-16T21:44:00+00:00,2024-06-16T21:44:00+00:00,0.0,1,16.0,16.0,16.0,16.0,16.0,16.0,0,0.0,N/A,N/A,N/A,N/A,0.0,"{""LOW"": {""count"": 1, ""percent"": 100.0}}","{""QUALITY_AFFECTED"": {""count"": 1, ""percent"": 100.0}}",0.0,1.0,2,QUALITY_AFFECTED,0.25,LOW,"[""INSUFFICIENT_WINDOW"", ""LOW_LOCAL_VARIABILITY"", ""NEAR_GAP""]",regime_analysis_v2.1,episode_analysis_v2.1,v2.1_low100.0_high200.0_trend15.0_short3_medium6_persist2,quality affected,N/A,0.25,LOW,episode_analysis_v2.1
3,12,7,2,STABLE_LOW,2024-06-16T22:44:00+00:00,2024-06-16T22:44:00+00:00,0.0,1,14.0,14.0,14.0,14.0,14.0,14.0,0,0.0,-2.0,N/A,-2.0,-2.0,1.0,"{""LOW"": {""count"": 1, ""percent"": 100.0}}","{""STABLE"": {""count"": 1, ""percent"": 100.0}}",1.0,0.0,2,LOW_CONFIDENCE_SHORT_EPISODE,0.363,LOW,"[""INSUFFICIENT_WINDOW"", ""LONG_STABLE_DURATION"", ""LOW_LOCAL_VARIABILITY"", ""NEAR_GAP"", ""SHORT_MEDIUM_SLOPE_AGREEMENT"", ""SLOPE_WITHIN_STABLE_THRESHOLD""]",regime_analysis_v2.1,episode_analysis_v2.1,v2.1_low100.0_high200.0_trend15.0_short3_medium6_persist2,stable low,-2.0,0.363,LOW,episode_analysis_v2.1
3,12,8,1,QUALITY_AFFECTED,2024-06-17T09:44:00+00:00,2024-06-17T09:44:00+00:00,0.0,1,23.0,23.0,23.0,23.0,23.0,23.0,0,0.0,N/A,N/A,N/A,N/A,0.0,"{""LOW"": {""count"": 1, ""percent"": 100.0}}","{""QUALITY_AFFECTED"": {""count"": 1, ""percent"": 100.0}}",0.0,175.0,2,QUALITY_AFFECTED,0.25,LOW,"[""INSUFFICIENT_WINDOW"", ""LOW_LOCAL_VARIABILITY"", ""NEAR_GAP""]",regime_analysis_v2.1,episode_analysis_v2.1,v2.1_low100.0_high200.0_trend15.0_short3_medium6_persist2,quality affected,N/A,0.25,LOW,episode_analysis_v2.1
3,12,8,2,UNSTABLE_TRANSITION,2024-06-17T10:44:00+00:00,2024-06-17T17:44:00+00:00,7.0,8,11.0,19.0,9.0,19.0,14.0,12.5,8.0,72.727,-0.5,1.143,8.0,-12.0,2.625,"{""LOW"": {""count"": 8, ""percent"": 100.0}}","{""UNSTABLE_TRANSITION"": {""count"": 8, ""percent"": 100.0}}",1.0,167.0,2,LOW_CONFIDENCE,0.798,HIGH,"[""INSUFFICIENT_WINDOW"", ""LOW_LOCAL_VARIABILITY"", ""NEAR_GAP"", ""PERSISTENCE_ADJUSTED_STATE"", ""RAW_SMOOTHED_DISAGREEMENT"", ""REPEATED_SIGN_CHANGES"", ""SHORT_MEDIUM_SLOPE_AGREEMENT"", ""SHORT_MEDIUM_SLOPE_DISAGREEMENT"", ""SLOPE_NEAR_THRESHOLD"", ""SLOPE_WITHIN_STABLE_THRESHOLD"", ""SUFFICIENT_WINDOW""]",regime_analysis_v2.1,episode_analysis_v2.1,v2.1_low100.0_high200.0_trend15.0_short3_medium6_persist2,unstable transition,-1.312,0.798,HIGH,episode_analysis_v2.1
3,12,8,3,STABLE_LOW,2024-06-17T18:44:00+00:00,2024-06-17T18:44:00+00:00,0.0,1,16.0,16.0,16.0,16.0,16.0,16.0,0,0.0,-3.0,N/A,-3.0,-3.0,3.5,"{""LOW"": {""count"": 1, ""percent"": 100.0}}","{""STABLE"": {""count"": 1, ""percent"": 100.0}}",9.0,166.0,2,LOW_CONFIDENCE_SHORT_EPISODE,0.807,HIGH,"[""LONG_STABLE_DURATION"", ""LOW_LOCAL_VARIABILITY"", ""PERSISTENCE_ADJUSTED_STATE"", ""REPEATED_SIGN_CHANGES"", ""SHORT_MEDIUM_SLOPE_DISAGREEMENT"", ""SUFFICIENT_WINDOW""]",regime_analysis_v2.1,episode_analysis_v2.1,v2.1_low100.0_high200.0_trend15.0_short3_medium6_persist2,stable low,-1.0,0.807,HIGH,episode_analysis_v2.1
3,12,8,4,UNSTABLE_TRANSITION,2024-06-17T19:44:00+00:00,2024-06-18T01:44:00+00:00,6.0,7,9.0,19.0,5.0,28.0,15.143,16.0,10.0,111.111,0.429,1.667,19.0,-12.0,3.5,"{""LOW"": {""count"": 7, ""percent"": 100.0}}","{""UNSTABLE_TRANSITION"": {""count"": 7, ""percent"": 100.0}}",10.0,159.0,2,OK,0.844,HIGH,"[""LOW_LOCAL_VARIABILITY"", ""PERSISTENCE_ADJUSTED_STATE"", ""RAW_SMOOTHED_DISAGREEMENT"", ""REPEATED_SIGN_CHANGES"", ""SHORT_MEDIUM_SLOPE_AGREEMENT"", ""SHORT_MEDIUM_SLOPE_DISAGREEMENT"", ""SLOPE_NEAR_THRESHOLD"", ""SLOPE_WITHIN_STABLE_THRESHOLD"", ""SUFFICIENT_WINDOW""]",regime_analysis_v2.1,episode_analysis_v2.1,v2.1_low100.0_high200.0_trend15.0_short3_medium6_persist2,unstable transition,0.143,0.844,HIGH,episode_analysis_v2.1
3,12,8,5,STABLE_LOW,2024-06-18T02:44:00+00:00,2024-06-18T03:44:00+00:00,1.0,2,23.0,28.0,23.0,28.0,25.5,25.5,5.0,21.739,4.5,5.0,5.0,4.0,5.0,"{""LOW"": {""count"": 2, ""percent"": 100.0}}","{""STABLE"": {""count"": 2, ""percent"": 100.0}}",17.0,157.0,2,OK,0.923,HIGH,"[""LONG_STABLE_DURATION"", ""LOW_LOCAL_VARIABILITY"", ""SHORT_MEDIUM_SLOPE_AGREEMENT"", ""SLOPE_WITHIN_STABLE_THRESHOLD"", ""SUFFICIENT_WINDOW""]",regime_analysis_v2.1,episode_analysis_v2.1,v2.1_low100.0_high200.0_trend15.0_short3_medium6_persist2,stable low,3.5,0.923,HIGH,episode_analysis_v2.1
3,12,8,6,UNSTABLE_TRANSITION,2024-06-18T04:44:00+00:00,2024-06-19T14:44:00+00:00,34.0,35,21.0,32.0,11.0,47.0,28.057,28.0,11.0,52.381,0.114,0.324,19.0,-12.0,4.357,"{""LOW"": {""count"": 35, ""percent"": 100.0}}","{""UNSTABLE_TRANSITION"": {""count"": 35, ""percent"": 100.0}}",19.0,122.0,2,OK,0.86,HIGH,"[""LOW_LOCAL_VARIABILITY"", ""PERSISTENCE_ADJUSTED_STATE"", ""RAW_SMOOTHED_DISAGREEMENT"", ""REPEATED_SIGN_CHANGES"", ""SHORT_MEDIUM_SLOPE_AGREEMENT"", ""SHORT_MEDIUM_SLOPE_DISAGREEMENT"", ""SLOPE_NEAR_THRESHOLD"", ""SLOPE_WITHIN_STABLE_THRESHOLD"", ""SUFFICIENT_WINDOW""]",regime_analysis_v2.1,episode_analysis_v2.1,v2.1_low100.0_high200.0_trend15.0_short3_medium6_persist2,unstable transition,0.286,0.86,HIGH,episode_analysis_v2.1
3,12,8,7,STABLE_LOW,2024-06-19T15:44:00+00:00,2024-06-19T16:44:00+00:00,1.0,2,32.0,32.0,32.0,32.0,32.0,32.0,0.0,0.0,0.0,0.0,0.0,0.0,3.5,"{""LOW"": {""count"": 2, ""percent"": 100.0}}","{""STABLE"": {""count"": 2, ""percent"": 100.0}}",54.0,120.0,2,OK,0.811,HIGH,"[""LONG_STABLE_DURATION"", ""LOW_LOCAL_VARIABILITY"", ""SLOPE_WITHIN_STABLE_THRESHOLD"", ""SUFFICIENT_WINDOW""]",regime_analysis_v2.1,episode_analysis_v2.1,v2.1_low100.0_high200.0_trend15.0_short3_medium6_persist2,stable low,-1.75,0.811,HIGH,episode_analysis_v2.1
3,12,8,8,UNSTABLE_TRANSITION,2024-06-19T17:44:00+00:00,2024-06-21T20:44:00+00:00,51.0,52,39.0,30.0,11.0,67.0,32.519,33.0,-9.0,-23.077,-0.038,-0.176,25.0,-22.0,4.25,"{""LOW"": {""count"": 52, ""percent"": 100.0}}","{""UNSTABLE_TRANSITION"": {""count"": 52, ""percent"": 100.0}}",56.0,68.0,2,OK,0.857,HIGH,"[""LOW_LOCAL_VARIABILITY"", ""RAW_SMOOTHED_DISAGREEMENT"", ""REPEATED_SIGN_CHANGES"", ""SHORT_MEDIUM_SLOPE_AGREEMENT"", ""SHORT_MEDIUM_SLOPE_DISAGREEMENT"", ""SLOPE_NEAR_THRESHOLD"", ""SUFFICIENT_WINDOW""]",regime_analysis_v2.1,episode_analysis_v2.1,v2.1_low100.0_high200.0_trend15.0_short3_medium6_persist2,unstable transition,-0.019,0.857,HIGH,episode_analysis_v2.1
3,12,8,9,STABLE_LOW,2024-06-21T21:44:00+00:00,2024-06-21T23:44:00+00:00,2.0,3,26.0,19.0,19.0,26.0,22.0,21.0,-7.0,-26.923,-3.667,-3.5,-2.0,-5.0,5.833,"{""LOW"": {""count"": 3, ""percent"": 100.0}}","{""STABLE"": {""count"": 3, ""percent"": 100.0}}",108.0,65.0,2,OK,0.924,HIGH,"[""LONG_STABLE_DURATION"", ""LOW_LOCAL_VARIABILITY"", ""SHORT_MEDIUM_SLOPE_AGREEMENT"", ""SLOPE_WITHIN_STABLE_THRESHOLD"", ""SUFFICIENT_WINDOW""]",regime_analysis_v2.1,episode_analysis_v2.1,v2.1_low100.0_high200.0_trend15.0_short3_medium6_persist2,stable low,-3.667,0.924,HIGH,episode_analysis_v2.1
3,12,8,10,UNSTABLE_TRANSITION,2024-06-22T00:44:00+00:00,2024-06-22T19:44:00+00:00,19.0,20,30.0,7.0,7.0,37.0,18.9,17.0,-23.0,-76.667,-0.6,-1.211,12.0,-15.0,4.175,"{""LOW"": {""count"": 20, ""percent"": 100.0}}","{""UNSTABLE_TRANSITION"": {""count"": 20, ""percent"": 100.0}}",111.0,45.0,2,OK,0.871,HIGH,"[""LOW_LOCAL_VARIABILITY"", ""RAW_SMOOTHED_DISAGREEMENT"", ""REPEATED_SIGN_CHANGES"", ""SHORT_MEDIUM_SLOPE_AGREEMENT"", ""SHORT_MEDIUM_SLOPE_DISAGREEMENT"", ""SLOPE_NEAR_THRESHOLD"", ""SUFFICIENT_WINDOW""]",regime_analysis_v2.1,episode_analysis_v2.1,v2.1_low100.0_high200.0_trend15.0_short3_medium6_persist2,unstable transition,-0.475,0.871,HIGH,episode_analysis_v2.1
3,12,8,11,STABLE_LOW,2024-06-22T20:44:00+00:00,2024-06-23T01:44:00+00:00,5.0,6,5.0,2.0,2.0,9.0,5.167,5.0,-3.0,-60.0,-0.833,-0.6,4.0,-7.0,2.417,"{""LOW"": {""count"": 6, ""percent"": 100.0}}","{""STABLE"": {""count"": 6, ""percent"": 100.0}}",131.0,39.0,2,OK,0.877,HIGH,"[""LONG_STABLE_DURATION"", ""LOW_LOCAL_VARIABILITY"", ""SHORT_MEDIUM_SLOPE_AGREEMENT"", ""SLOPE_WITHIN_STABLE_THRESHOLD"", ""SUFFICIENT_WINDOW""]",regime_analysis_v2.1,episode_analysis_v2.1,v2.1_low100.0_high200.0_trend15.0_short3_medium6_persist2,stable low,-0.833,0.877,HIGH,episode_analysis_v2.1
3,12,8,12,UNSTABLE_TRANSITION,2024-06-23T02:44:00+00:00,2024-06-23T14:44:00+00:00,12.0,13,7.0,14.0,2.0,14.0,8.692,9.0,7.0,100.0,0.923,0.583,7.0,-7.0,1.308,"{""LOW"": {""count"": 13, ""percent"": 100.0}}","{""UNSTABLE_TRANSITION"": {""count"": 13, ""percent"": 100.0}}",137.0,26.0,2,OK,0.85,HIGH,"[""LOW_LOCAL_VARIABILITY"", ""PERSISTENCE_ADJUSTED_STATE"", ""RAW_SMOOTHED_DISAGREEMENT"", ""REPEATED_SIGN_CHANGES"", ""SHORT_MEDIUM_SLOPE_AGREEMENT"", ""SHORT_MEDIUM_SLOPE_DISAGREEMENT"", ""SLOPE_NEAR_THRESHOLD"", ""SLOPE_WITHIN_STABLE_THRESHOLD"", ""SUFFICIENT_WINDOW""]",regime_analysis_v2.1,episode_analysis_v2.1,v2.1_low100.0_high200.0_trend15.0_short3_medium6_persist2,unstable transition,0.385,0.85,HIGH,episode_analysis_v2.1
3,12,8,13,STABLE_LOW,2024-06-23T15:44:00+00:00,2024-06-23T16:44:00+00:00,1.0,2,14.0,14.0,14.0,14.0,14.0,14.0,0.0,0.0,0.0,0.0,0.0,0.0,3.0,"{""LOW"": {""count"": 2, ""percent"": 100.0}}","{""STABLE"": {""count"": 2, ""percent"": 100.0}}",150.0,24.0,2,OK,0.862,HIGH,"[""LONG_STABLE_DURATION"", ""LOW_LOCAL_VARIABILITY"", ""SHORT_MEDIUM_SLOPE_AGREEMENT"", ""SLOPE_WITHIN_STABLE_THRESHOLD"", ""SUFFICIENT_WINDOW""]",regime_analysis_v2.1,episode_analysis_v2.1,v2.1_low100.0_high200.0_trend15.0_short3_medium6_persist2,stable low,1.75,0.862,HIGH,episode_analysis_v2.1
3,12,8,14,UNSTABLE_TRANSITION,2024-06-23T17:44:00+00:00,2024-06-23T18:44:00+00:00,1.0,2,11.0,11.0,11.0,11.0,11.0,11.0,0.0,0.0,-1.5,0.0,0.0,-3.0,1.5,"{""LOW"": {""count"": 2, ""percent"": 100.0}}","{""UNSTABLE_TRANSITION"": {""count"": 2, ""percent"": 100.0}}",152.0,22.0,2,OK,0.81,HIGH,"[""LOW_LOCAL_VARIABILITY"", ""SHORT_MEDIUM_SLOPE_DISAGREEMENT"", ""SUFFICIENT_WINDOW""]",regime_analysis_v2.1,episode_analysis_v2.1,v2.1_low100.0_high200.0_trend15.0_short3_medium6_persist2,unstable transition,-1.5,0.81,HIGH,episode_analysis_v2.1
3,12,8,15,STABLE_LOW,2024-06-23T19:44:00+00:00,2024-06-23T20:44:00+00:00,1.0,2,2.0,11.0,2.0,11.0,6.5,6.5,9.0,450.0,0.0,9.0,9.0,-9.0,1.5,"{""LOW"": {""count"": 2, ""percent"": 100.0}}","{""STABLE"": {""count"": 2, ""percent"": 100.0}}",154.0,20.0,2,OK,0.865,HIGH,"[""LONG_STABLE_DURATION"", ""LOW_LOCAL_VARIABILITY"", ""SHORT_MEDIUM_SLOPE_AGREEMENT"", ""SLOPE_WITHIN_STABLE_THRESHOLD"", ""SUFFICIENT_WINDOW""]",regime_analysis_v2.1,episode_analysis_v2.1,v2.1_low100.0_high200.0_trend15.0_short3_medium6_persist2,stable low,-2.25,0.865,HIGH,episode_analysis_v2.1
3,12,8,16,UNSTABLE_TRANSITION,2024-06-23T21:44:00+00:00,2024-06-24T16:44:00+00:00,19.0,20,7.0,2.0,0.0,23.0,8.1,7.0,-5.0,-71.429,-0.45,-0.263,11.0,-18.0,3.025,"{""LOW"": {""count"": 20, ""percent"": 100.0}}","{""UNSTABLE_TRANSITION"": {""count"": 20, ""percent"": 100.0}}",156.0,0.0,2,OK,0.854,HIGH,"[""LOW_LOCAL_VARIABILITY"", ""RAW_SMOOTHED_DISAGREEMENT"", ""REPEATED_SIGN_CHANGES"", ""SHORT_MEDIUM_SLOPE_AGREEMENT"", ""SHORT_MEDIUM_SLOPE_DISAGREEMENT"", ""SUFFICIENT_WINDOW""]",regime_analysis_v2.1,episode_analysis_v2.1,v2.1_low100.0_high200.0_trend15.0_short3_medium6_persist2,unstable transition,-0.225,0.854,HIGH,episode_analysis_v2.1
3,12,9,1,QUALITY_AFFECTED,2024-06-24T18:44:00+00:00,2024-06-24T18:44:00+00:00,0.0,1,7.0,7.0,7.0,7.0,7.0,7.0,0,0.0,N/A,N/A,N/A,N/A,0.0,"{""LOW"": {""count"": 1, ""percent"": 100.0}}","{""QUALITY_AFFECTED"": {""count"": 1, ""percent"": 100.0}}",0.0,19.0,2,QUALITY_AFFECTED,0.25,LOW,"[""INSUFFICIENT_WINDOW"", ""LOW_LOCAL_VARIABILITY"", ""NEAR_GAP""]",regime_analysis_v2.1,episode_analysis_v2.1,v2.1_low100.0_high200.0_trend15.0_short3_medium6_persist2,quality affected,N/A,0.25,LOW,episode_analysis_v2.1
3,12,9,2,STABLE_LOW,2024-06-24T19:44:00+00:00,2024-06-25T01:44:00+00:00,6.0,7,2.0,2.0,2.0,7.0,3.429,2.0,0.0,0.0,-0.714,0.0,5.0,-5.0,0.714,"{""LOW"": {""count"": 7, ""percent"": 100.0}}","{""STABLE"": {""count"": 7, ""percent"": 100.0}}",1.0,12.0,2,LOW_CONFIDENCE,0.767,HIGH,"[""INSUFFICIENT_WINDOW"", ""LONG_STABLE_DURATION"", ""LOW_LOCAL_VARIABILITY"", ""NEAR_GAP"", ""SHORT_MEDIUM_SLOPE_AGREEMENT"", ""SLOPE_WITHIN_STABLE_THRESHOLD"", ""SUFFICIENT_WINDOW""]",regime_analysis_v2.1,episode_analysis_v2.1,v2.1_low100.0_high200.0_trend15.0_short3_medium6_persist2,stable low,-1.071,0.767,HIGH,episode_analysis_v2.1
3,12,9,3,UNSTABLE_TRANSITION,2024-06-25T02:44:00+00:00,2024-06-25T10:44:00+00:00,8.0,9,18.0,9.0,5.0,18.0,11.333,11.0,-9.0,-50.0,0.778,-1.125,16.0,-7.0,3.167,"{""LOW"": {""count"": 9, ""percent"": 100.0}}","{""UNSTABLE_TRANSITION"": {""count"": 9, ""percent"": 100.0}}",8.0,3.0,2,OK,0.883,HIGH,"[""LOW_LOCAL_VARIABILITY"", ""RAW_SMOOTHED_DISAGREEMENT"", ""REPEATED_SIGN_CHANGES"", ""SHORT_MEDIUM_SLOPE_AGREEMENT"", ""SUFFICIENT_WINDOW""]",regime_analysis_v2.1,episode_analysis_v2.1,v2.1_low100.0_high200.0_trend15.0_short3_medium6_persist2,unstable transition,1.167,0.883,HIGH,episode_analysis_v2.1
3,12,9,4,STABLE_LOW,2024-06-25T11:44:00+00:00,2024-06-25T13:44:00+00:00,2.0,3,7.0,5.0,5.0,7.0,6.333,7.0,-2.0,-28.571,-1.333,-1.0,0.0,-2.0,1.333,"{""LOW"": {""count"": 3, ""percent"": 100.0}}","{""STABLE"": {""count"": 3, ""percent"": 100.0}}",17.0,0.0,2,OK,0.848,HIGH,"[""LONG_STABLE_DURATION"", ""LOW_LOCAL_VARIABILITY"", ""SHORT_MEDIUM_SLOPE_AGREEMENT"", ""SLOPE_WITHIN_STABLE_THRESHOLD"", ""SUFFICIENT_WINDOW""]",regime_analysis_v2.1,episode_analysis_v2.1,v2.1_low100.0_high200.0_trend15.0_short3_medium6_persist2,stable low,-2.167,0.848,HIGH,episode_analysis_v2.1
3,12,10,1,QUALITY_AFFECTED,2024-06-25T17:44:00+00:00,2024-06-25T17:44:00+00:00,0.0,1,7.0,7.0,7.0,7.0,7.0,7.0,0,0.0,N/A,N/A,N/A,N/A,0.0,"{""LOW"": {""count"": 1, ""percent"": 100.0}}","{""QUALITY_AFFECTED"": {""count"": 1, ""percent"": 100.0}}",0.0,1.0,2,QUALITY_AFFECTED,0.25,LOW,"[""INSUFFICIENT_WINDOW"", ""LOW_LOCAL_VARIABILITY"", ""NEAR_GAP""]",regime_analysis_v2.1,episode_analysis_v2.1,v2.1_low100.0_high200.0_trend15.0_short3_medium6_persist2,quality affected,N/A,0.25,LOW,episode_analysis_v2.1
3,12,10,2,STABLE_LOW,2024-06-25T18:44:00+00:00,2024-06-25T18:44:00+00:00,0.0,1,5.0,5.0,5.0,5.0,5.0,5.0,0,0.0,-2.0,N/A,-2.0,-2.0,1.0,"{""LOW"": {""count"": 1, ""percent"": 100.0}}","{""STABLE"": {""count"": 1, ""percent"": 100.0}}",1.0,0.0,2,LOW_CONFIDENCE_SHORT_EPISODE,0.363,LOW,"[""INSUFFICIENT_WINDOW"", ""LONG_STABLE_DURATION"", ""LOW_LOCAL_VARIABILITY"", ""NEAR_GAP"", ""SHORT_MEDIUM_SLOPE_AGREEMENT"", ""SLOPE_WITHIN_STABLE_THRESHOLD""]",regime_analysis_v2.1,episode_analysis_v2.1,v2.1_low100.0_high200.0_trend15.0_short3_medium6_persist2,stable low,-2.0,0.363,LOW,episode_analysis_v2.1
3,12,11,1,QUALITY_AFFECTED,2024-06-25T20:44:00+00:00,2024-06-25T20:44:00+00:00,0.0,1,5.0,5.0,5.0,5.0,5.0,5.0,0,0.0,N/A,N/A,N/A,N/A,0.0,"{""LOW"": {""count"": 1, ""percent"": 100.0}}","{""QUALITY_AFFECTED"": {""count"": 1, ""percent"": 100.0}}",0.0,20.0,2,QUALITY_AFFECTED,0.25,LOW,"[""INSUFFICIENT_WINDOW"", ""LOW_LOCAL_VARIABILITY"", ""NEAR_GAP""]",regime_analysis_v2.1,episode_analysis_v2.1,v2.1_low100.0_high200.0_trend15.0_short3_medium6_persist2,quality affected,N/A,0.25,LOW,episode_analysis_v2.1
3,12,11,2,STABLE_LOW,2024-06-25T21:44:00+00:00,2024-06-25T22:44:00+00:00,1.0,2,0.0,14.0,0.0,14.0,7.0,7.0,14.0,N/A,4.5,14.0,14.0,-5.0,3.75,"{""LOW"": {""count"": 2, ""percent"": 100.0}}","{""STABLE"": {""count"": 2, ""percent"": 100.0}}",1.0,18.0,2,LOW_CONFIDENCE,0.657,MEDIUM,"[""INSUFFICIENT_WINDOW"", ""LONG_STABLE_DURATION"", ""LOW_LOCAL_VARIABILITY"", ""NEAR_GAP"", ""SHORT_MEDIUM_SLOPE_AGREEMENT"", ""SLOPE_WITHIN_STABLE_THRESHOLD"", ""SUFFICIENT_WINDOW""]",regime_analysis_v2.1,episode_analysis_v2.1,v2.1_low100.0_high200.0_trend15.0_short3_medium6_persist2,stable low,-0.25,0.657,MEDIUM,episode_analysis_v2.1
3,12,11,3,UNSTABLE_TRANSITION,2024-06-25T23:44:00+00:00,2024-06-26T04:44:00+00:00,5.0,6,5.0,16.0,5.0,16.0,10.5,10.5,11.0,220.0,0.333,2.2,9.0,-9.0,3.917,"{""LOW"": {""count"": 6, ""percent"": 100.0}}","{""UNSTABLE_TRANSITION"": {""count"": 6, ""percent"": 100.0}}",3.0,12.0,2,OK,0.818,HIGH,"[""LOW_LOCAL_VARIABILITY"", ""RAW_SMOOTHED_DISAGREEMENT"", ""REPEATED_SIGN_CHANGES"", ""SHORT_MEDIUM_SLOPE_AGREEMENT"", ""SHORT_MEDIUM_SLOPE_DISAGREEMENT"", ""SUFFICIENT_WINDOW""]",regime_analysis_v2.1,episode_analysis_v2.1,v2.1_low100.0_high200.0_trend15.0_short3_medium6_persist2,unstable transition,1.5,0.818,HIGH,episode_analysis_v2.1
3,12,11,4,STABLE_LOW,2024-06-26T05:44:00+00:00,2024-06-26T09:44:00+00:00,4.0,5,18.0,32.0,18.0,32.0,26.0,26.0,14.0,77.778,3.2,3.5,8.0,0.0,4.3,"{""LOW"": {""count"": 5, ""percent"": 100.0}}","{""STABLE"": {""count"": 5, ""percent"": 100.0}}",9.0,7.0,2,OK,0.919,HIGH,"[""LONG_STABLE_DURATION"", ""LOW_LOCAL_VARIABILITY"", ""SHORT_MEDIUM_SLOPE_AGREEMENT"", ""SLOPE_WITHIN_STABLE_THRESHOLD"", ""SUFFICIENT_WINDOW""]",regime_analysis_v2.1,episode_analysis_v2.1,v2.1_low100.0_high200.0_trend15.0_short3_medium6_persist2,stable low,2.8,0.919,HIGH,episode_analysis_v2.1
3,12,11,5,UNSTABLE_TRANSITION,2024-06-26T10:44:00+00:00,2024-06-26T16:44:00+00:00,6.0,7,21.0,23.0,11.0,23.0,17.143,16.0,2.0,9.524,-1.286,0.333,7.0,-11.0,3.786,"{""LOW"": {""count"": 7, ""percent"": 100.0}}","{""UNSTABLE_TRANSITION"": {""count"": 7, ""percent"": 100.0}}",14.0,0.0,2,OK,0.881,HIGH,"[""LOW_LOCAL_VARIABILITY"", ""PERSISTENCE_ADJUSTED_STATE"", ""RAW_SMOOTHED_DISAGREEMENT"", ""REPEATED_SIGN_CHANGES"", ""SHORT_MEDIUM_SLOPE_AGREEMENT"", ""SHORT_MEDIUM_SLOPE_DISAGREEMENT"", ""SLOPE_NEAR_THRESHOLD"", ""SLOPE_WITHIN_STABLE_THRESHOLD"", ""SUFFICIENT_WINDOW""]",regime_analysis_v2.1,episode_analysis_v2.1,v2.1_low100.0_high200.0_trend15.0_short3_medium6_persist2,unstable transition,-1.5,0.881,HIGH,episode_analysis_v2.1
3,12,12,1,QUALITY_AFFECTED,2024-06-26T20:44:00+00:00,2024-06-26T20:44:00+00:00,0.0,1,5.0,5.0,5.0,5.0,5.0,5.0,0,0.0,N/A,N/A,N/A,N/A,0.0,"{""LOW"": {""count"": 1, ""percent"": 100.0}}","{""QUALITY_AFFECTED"": {""count"": 1, ""percent"": 100.0}}",0.0,9.0,2,QUALITY_AFFECTED,0.25,LOW,"[""INSUFFICIENT_WINDOW"", ""LOW_LOCAL_VARIABILITY"", ""NEAR_GAP""]",regime_analysis_v2.1,episode_analysis_v2.1,v2.1_low100.0_high200.0_trend15.0_short3_medium6_persist2,quality affected,N/A,0.25,LOW,episode_analysis_v2.1
3,12,12,2,STABLE_LOW,2024-06-26T21:44:00+00:00,2024-06-27T05:44:00+00:00,8.0,9,7.0,2.0,0.0,7.0,2.889,2.0,-5.0,-71.429,-0.333,-0.625,2.0,-5.0,0.722,"{""LOW"": {""count"": 9, ""percent"": 100.0}}","{""STABLE"": {""count"": 9, ""percent"": 100.0}}",1.0,0.0,2,LOW_CONFIDENCE,0.802,HIGH,"[""INSUFFICIENT_WINDOW"", ""LONG_STABLE_DURATION"", ""LOW_LOCAL_VARIABILITY"", ""NEAR_GAP"", ""SHORT_MEDIUM_SLOPE_AGREEMENT"", ""SLOPE_WITHIN_STABLE_THRESHOLD"", ""SUFFICIENT_WINDOW""]",regime_analysis_v2.1,episode_analysis_v2.1,v2.1_low100.0_high200.0_trend15.0_short3_medium6_persist2,stable low,-0.222,0.802,HIGH,episode_analysis_v2.1
3,12,13,1,QUALITY_AFFECTED,2024-06-27T07:44:00+00:00,2024-06-27T07:44:00+00:00,0.0,1,18.0,18.0,18.0,18.0,18.0,18.0,0,0.0,N/A,N/A,N/A,N/A,0.0,"{""LOW"": {""count"": 1, ""percent"": 100.0}}","{""QUALITY_AFFECTED"": {""count"": 1, ""percent"": 100.0}}",0.0,7.0,2,QUALITY_AFFECTED,0.25,LOW,"[""INSUFFICIENT_WINDOW"", ""LOW_LOCAL_VARIABILITY"", ""NEAR_GAP""]",regime_analysis_v2.1,episode_analysis_v2.1,v2.1_low100.0_high200.0_trend15.0_short3_medium6_persist2,quality affected,N/A,0.25,LOW,episode_analysis_v2.1
3,12,13,2,STABLE_LOW,2024-06-27T08:44:00+00:00,2024-06-27T09:44:00+00:00,1.0,2,16.0,21.0,16.0,21.0,18.5,18.5,5.0,31.25,1.5,5.0,5.0,-2.0,1.5,"{""LOW"": {""count"": 2, ""percent"": 100.0}}","{""STABLE"": {""count"": 2, ""percent"": 100.0}}",1.0,5.0,2,LOW_CONFIDENCE,0.637,MEDIUM,"[""INSUFFICIENT_WINDOW"", ""LONG_STABLE_DURATION"", ""LOW_LOCAL_VARIABILITY"", ""NEAR_GAP"", ""SHORT_MEDIUM_SLOPE_AGREEMENT"", ""SLOPE_WITHIN_STABLE_THRESHOLD"", ""SUFFICIENT_WINDOW""]",regime_analysis_v2.1,episode_analysis_v2.1,v2.1_low100.0_high200.0_trend15.0_short3_medium6_persist2,stable low,-0.25,0.637,MEDIUM,episode_analysis_v2.1
3,12,13,3,UNSTABLE_TRANSITION,2024-06-27T10:44:00+00:00,2024-06-27T14:44:00+00:00,4.0,5,14.0,11.0,5.0,14.0,10.2,11.0,-3.0,-21.429,-2.0,-0.75,4.0,-9.0,2.8,"{""LOW"": {""count"": 5, ""percent"": 100.0}}","{""UNSTABLE_TRANSITION"": {""count"": 5, ""percent"": 100.0}}",3.0,0.0,2,OK,0.881,HIGH,"[""LOW_LOCAL_VARIABILITY"", ""RAW_SMOOTHED_DISAGREEMENT"", ""REPEATED_SIGN_CHANGES"", ""SHORT_MEDIUM_SLOPE_AGREEMENT"", ""SHORT_MEDIUM_SLOPE_DISAGREEMENT"", ""SUFFICIENT_WINDOW""]",regime_analysis_v2.1,episode_analysis_v2.1,v2.1_low100.0_high200.0_trend15.0_short3_medium6_persist2,unstable transition,-1.9,0.881,HIGH,episode_analysis_v2.1
3,12,14,1,QUALITY_AFFECTED,2024-06-27T20:44:00+00:00,2024-06-27T20:44:00+00:00,0.0,1,7.0,7.0,7.0,7.0,7.0,7.0,0,0.0,N/A,N/A,N/A,N/A,0.0,"{""LOW"": {""count"": 1, ""percent"": 100.0}}","{""QUALITY_AFFECTED"": {""count"": 1, ""percent"": 100.0}}",0.0,17.0,2,QUALITY_AFFECTED,0.25,LOW,"[""INSUFFICIENT_WINDOW"", ""LOW_LOCAL_VARIABILITY"", ""NEAR_GAP""]",regime_analysis_v2.1,episode_analysis_v2.1,v2.1_low100.0_high200.0_trend15.0_short3_medium6_persist2,quality affected,N/A,0.25,LOW,episode_analysis_v2.1
3,12,14,2,STABLE_LOW,2024-06-27T21:44:00+00:00,2024-06-27T22:44:00+00:00,1.0,2,9.0,2.0,2.0,9.0,5.5,5.5,-7.0,-77.778,-2.5,-7.0,2.0,-7.0,1.5,"{""LOW"": {""count"": 2, ""percent"": 100.0}}","{""STABLE"": {""count"": 2, ""percent"": 100.0}}",1.0,15.0,2,LOW_CONFIDENCE,0.64,MEDIUM,"[""INSUFFICIENT_WINDOW"", ""LONG_STABLE_DURATION"", ""LOW_LOCAL_VARIABILITY"", ""NEAR_GAP"", ""SHORT_MEDIUM_SLOPE_AGREEMENT"", ""SLOPE_WITHIN_STABLE_THRESHOLD"", ""SUFFICIENT_WINDOW""]",regime_analysis_v2.1,episode_analysis_v2.1,v2.1_low100.0_high200.0_trend15.0_short3_medium6_persist2,stable low,-0.25,0.64,MEDIUM,episode_analysis_v2.1
3,12,14,3,UNSTABLE_TRANSITION,2024-06-27T23:44:00+00:00,2024-06-28T04:44:00+00:00,5.0,6,7.0,11.0,2.0,11.0,8.833,11.0,4.0,57.143,1.5,0.8,9.0,-9.0,1.667,"{""LOW"": {""count"": 6, ""percent"": 100.0}}","{""UNSTABLE_TRANSITION"": {""count"": 6, ""percent"": 100.0}}",3.0,9.0,2,OK,0.868,HIGH,"[""LOW_LOCAL_VARIABILITY"", ""RAW_SMOOTHED_DISAGREEMENT"", ""REPEATED_SIGN_CHANGES"", ""SHORT_MEDIUM_SLOPE_AGREEMENT"", ""SUFFICIENT_WINDOW""]",regime_analysis_v2.1,episode_analysis_v2.1,v2.1_low100.0_high200.0_trend15.0_short3_medium6_persist2,unstable transition,0.917,0.868,HIGH,episode_analysis_v2.1
3,12,14,4,STABLE_LOW,2024-06-28T05:44:00+00:00,2024-06-28T06:44:00+00:00,1.0,2,16.0,19.0,16.0,19.0,17.5,17.5,3.0,18.75,4.0,3.0,5.0,3.0,1.25,"{""LOW"": {""count"": 2, ""percent"": 100.0}}","{""STABLE"": {""count"": 2, ""percent"": 100.0}}",9.0,7.0,2,OK,0.922,HIGH,"[""LONG_STABLE_DURATION"", ""LOW_LOCAL_VARIABILITY"", ""SHORT_MEDIUM_SLOPE_AGREEMENT"", ""SLOPE_WITHIN_STABLE_THRESHOLD"", ""SUFFICIENT_WINDOW""]",regime_analysis_v2.1,episode_analysis_v2.1,v2.1_low100.0_high200.0_trend15.0_short3_medium6_persist2,stable low,3.25,0.922,HIGH,episode_analysis_v2.1
3,12,14,5,UNSTABLE_TRANSITION,2024-06-28T07:44:00+00:00,2024-06-28T13:44:00+00:00,6.0,7,14.0,5.0,5.0,39.0,19.857,16.0,-9.0,-64.286,-2.0,-1.5,23.0,-25.0,4.286,"{""LOW"": {""count"": 7, ""percent"": 100.0}}","{""UNSTABLE_TRANSITION"": {""count"": 7, ""percent"": 100.0}}",11.0,0.0,2,OK,0.869,HIGH,"[""LOW_LOCAL_VARIABILITY"", ""REPEATED_SIGN_CHANGES"", ""SHORT_MEDIUM_SLOPE_AGREEMENT"", ""SHORT_MEDIUM_SLOPE_DISAGREEMENT"", ""SLOPE_NEAR_THRESHOLD"", ""SUFFICIENT_WINDOW""]",regime_analysis_v2.1,episode_analysis_v2.1,v2.1_low100.0_high200.0_trend15.0_short3_medium6_persist2,unstable transition,-1.143,0.869,HIGH,episode_analysis_v2.1
3,12,15,1,QUALITY_AFFECTED,2024-06-28T15:44:00+00:00,2024-06-28T15:44:00+00:00,0.0,1,7.0,7.0,7.0,7.0,7.0,7.0,0,0.0,N/A,N/A,N/A,N/A,0.0,"{""LOW"": {""count"": 1, ""percent"": 100.0}}","{""QUALITY_AFFECTED"": {""count"": 1, ""percent"": 100.0}}",0.0,3.0,2,QUALITY_AFFECTED,0.25,LOW,"[""INSUFFICIENT_WINDOW"", ""LOW_LOCAL_VARIABILITY"", ""NEAR_GAP""]",regime_analysis_v2.1,episode_analysis_v2.1,v2.1_low100.0_high200.0_trend15.0_short3_medium6_persist2,quality affected,N/A,0.25,LOW,episode_analysis_v2.1
3,12,15,2,STABLE_LOW,2024-06-28T16:44:00+00:00,2024-06-28T18:44:00+00:00,2.0,3,9.0,14.0,9.0,14.0,11.333,11.0,5.0,55.556,2.333,2.5,3.0,2.0,1.667,"{""LOW"": {""count"": 3, ""percent"": 100.0}}","{""STABLE"": {""count"": 3, ""percent"": 100.0}}",1.0,0.0,2,LOW_CONFIDENCE,0.731,MEDIUM,"[""INSUFFICIENT_WINDOW"", ""LONG_STABLE_DURATION"", ""LOW_LOCAL_VARIABILITY"", ""NEAR_GAP"", ""SHORT_MEDIUM_SLOPE_AGREEMENT"", ""SLOPE_WITHIN_STABLE_THRESHOLD"", ""SUFFICIENT_WINDOW""]",regime_analysis_v2.1,episode_analysis_v2.1,v2.1_low100.0_high200.0_trend15.0_short3_medium6_persist2,stable low,2.167,0.731,MEDIUM,episode_analysis_v2.1
3,12,16,1,QUALITY_AFFECTED,2024-06-28T20:44:00+00:00,2024-06-28T20:44:00+00:00,0.0,1,14.0,14.0,14.0,14.0,14.0,14.0,0,0.0,N/A,N/A,N/A,N/A,0.0,"{""LOW"": {""count"": 1, ""percent"": 100.0}}","{""QUALITY_AFFECTED"": {""count"": 1, ""percent"": 100.0}}",0.0,18.0,2,QUALITY_AFFECTED,0.25,LOW,"[""INSUFFICIENT_WINDOW"", ""LOW_LOCAL_VARIABILITY"", ""NEAR_GAP""]",regime_analysis_v2.1,episode_analysis_v2.1,v2.1_low100.0_high200.0_trend15.0_short3_medium6_persist2,quality affected,N/A,0.25,LOW,episode_analysis_v2.1
3,12,16,2,UNSTABLE_TRANSITION,2024-06-28T21:44:00+00:00,2024-06-29T14:44:00+00:00,17.0,18,21.0,11.0,9.0,28.0,17.611,18.0,-10.0,-47.619,-0.167,-0.588,10.0,-10.0,2.389,"{""LOW"": {""count"": 18, ""percent"": 100.0}}","{""UNSTABLE_TRANSITION"": {""count"": 18, ""percent"": 100.0}}",1.0,0.0,2,LOW_CONFIDENCE,0.84,HIGH,"[""INSUFFICIENT_WINDOW"", ""LOW_LOCAL_VARIABILITY"", ""NEAR_GAP"", ""RAW_SMOOTHED_DISAGREEMENT"", ""REPEATED_SIGN_CHANGES"", ""SHORT_MEDIUM_SLOPE_AGREEMENT"", ""SHORT_MEDIUM_SLOPE_DISAGREEMENT"", ""SLOPE_NEAR_THRESHOLD"", ""SUFFICIENT_WINDOW""]",regime_analysis_v2.1,episode_analysis_v2.1,v2.1_low100.0_high200.0_trend15.0_short3_medium6_persist2,unstable transition,0.028,0.84,HIGH,episode_analysis_v2.1
3,12,17,1,QUALITY_AFFECTED,2024-06-29T20:44:00+00:00,2024-06-29T20:44:00+00:00,0.0,1,14.0,14.0,14.0,14.0,14.0,14.0,0,0.0,N/A,N/A,N/A,N/A,0.0,"{""LOW"": {""count"": 1, ""percent"": 100.0}}","{""QUALITY_AFFECTED"": {""count"": 1, ""percent"": 100.0}}",0.0,131.933,2,QUALITY_AFFECTED,0.25,LOW,"[""INSUFFICIENT_WINDOW"", ""LOW_LOCAL_VARIABILITY"", ""NEAR_GAP""]",regime_analysis_v2.1,episode_analysis_v2.1,v2.1_low100.0_high200.0_trend15.0_short3_medium6_persist2,quality affected,N/A,0.25,LOW,episode_analysis_v2.1
3,12,17,2,STABLE_LOW,2024-06-29T21:44:00+00:00,2024-06-29T23:44:00+00:00,2.0,3,14.0,14.0,14.0,21.0,16.333,14.0,0.0,0.0,0.0,0.0,7.0,-7.0,0.0,"{""LOW"": {""count"": 3, ""percent"": 100.0}}","{""STABLE"": {""count"": 3, ""percent"": 100.0}}",1.0,128.933,2,LOW_CONFIDENCE,0.658,MEDIUM,"[""INSUFFICIENT_WINDOW"", ""LONG_STABLE_DURATION"", ""LOW_LOCAL_VARIABILITY"", ""NEAR_GAP"", ""SHORT_MEDIUM_SLOPE_AGREEMENT"", ""SLOPE_WITHIN_STABLE_THRESHOLD"", ""SUFFICIENT_WINDOW""]",regime_analysis_v2.1,episode_analysis_v2.1,v2.1_low100.0_high200.0_trend15.0_short3_medium6_persist2,stable low,1.167,0.658,MEDIUM,episode_analysis_v2.1
3,12,17,3,UNSTABLE_TRANSITION,2024-06-30T00:44:00+00:00,2024-07-03T14:40:00+00:00,85.933,88,18.0,11.0,2.0,41.0,13.989,11.0,-7.0,-38.889,-0.034,-0.081,15.0,-17.0,3.011,"{""LOW"": {""count"": 88, ""percent"": 100.0}}","{""UNSTABLE_TRANSITION"": {""count"": 88, ""percent"": 100.0}}",4.0,42.0,2,OK,0.851,HIGH,"[""LOW_LOCAL_VARIABILITY"", ""PERSISTENCE_ADJUSTED_STATE"", ""RAW_SMOOTHED_DISAGREEMENT"", ""REPEATED_SIGN_CHANGES"", ""SHORT_MEDIUM_SLOPE_AGREEMENT"", ""SHORT_MEDIUM_SLOPE_DISAGREEMENT"", ""SLOPE_NEAR_THRESHOLD"", ""SLOPE_WITHIN_STABLE_THRESHOLD"", ""SUFFICIENT_WINDOW""]",regime_analysis_v2.1,episode_analysis_v2.1,v2.1_low100.0_high200.0_trend15.0_short3_medium6_persist2,unstable transition,-0.077,0.851,HIGH,episode_analysis_v2.1
3,12,17,4,STABLE_LOW,2024-07-03T15:40:00+00:00,2024-07-03T17:40:00+00:00,2.0,3,11.0,7.0,7.0,21.0,13.0,11.0,-4.0,-36.364,-1.333,-2.0,10.0,-14.0,1.333,"{""LOW"": {""count"": 3, ""percent"": 100.0}}","{""STABLE"": {""count"": 3, ""percent"": 100.0}}",90.933,39.0,2,OK,0.849,HIGH,"[""LONG_STABLE_DURATION"", ""LOW_LOCAL_VARIABILITY"", ""SHORT_MEDIUM_SLOPE_AGREEMENT"", ""SLOPE_WITHIN_STABLE_THRESHOLD"", ""SUFFICIENT_WINDOW""]",regime_analysis_v2.1,episode_analysis_v2.1,v2.1_low100.0_high200.0_trend15.0_short3_medium6_persist2,stable low,1.0,0.849,HIGH,episode_analysis_v2.1
3,12,17,5,UNSTABLE_TRANSITION,2024-07-03T18:40:00+00:00,2024-07-05T02:40:00+00:00,32.0,33,11.0,11.0,2.0,25.0,10.182,11.0,0.0,0.0,0.121,0.0,20.0,-14.0,3.212,"{""LOW"": {""count"": 33, ""percent"": 100.0}}","{""UNSTABLE_TRANSITION"": {""count"": 33, ""percent"": 100.0}}",93.933,6.0,2,OK,0.853,HIGH,"[""LOW_LOCAL_VARIABILITY"", ""PERSISTENCE_ADJUSTED_STATE"", ""RAW_SMOOTHED_DISAGREEMENT"", ""REPEATED_SIGN_CHANGES"", ""SHORT_MEDIUM_SLOPE_AGREEMENT"", ""SHORT_MEDIUM_SLOPE_DISAGREEMENT"", ""SLOPE_NEAR_THRESHOLD"", ""SLOPE_WITHIN_STABLE_THRESHOLD"", ""SUFFICIENT_WINDOW""]",regime_analysis_v2.1,episode_analysis_v2.1,v2.1_low100.0_high200.0_trend15.0_short3_medium6_persist2,unstable transition,-0.091,0.853,HIGH,episode_analysis_v2.1
3,12,17,6,STABLE_LOW,2024-07-05T03:40:00+00:00,2024-07-05T05:40:00+00:00,2.0,3,18.0,11.0,11.0,19.0,16.0,18.0,-7.0,-38.889,0.0,-3.5,7.0,-8.0,1.833,"{""LOW"": {""count"": 3, ""percent"": 100.0}}","{""STABLE"": {""count"": 3, ""percent"": 100.0}}",126.933,3.0,2,OK,0.891,HIGH,"[""LONG_STABLE_DURATION"", ""LOW_LOCAL_VARIABILITY"", ""PERSISTENCE_ADJUSTED_STATE"", ""REPEATED_SIGN_CHANGES"", ""SHORT_MEDIUM_SLOPE_AGREEMENT"", ""SLOPE_WITHIN_STABLE_THRESHOLD"", ""SUFFICIENT_WINDOW""]",regime_analysis_v2.1,episode_analysis_v2.1,v2.1_low100.0_high200.0_trend15.0_short3_medium6_persist2,stable low,1.333,0.891,HIGH,episode_analysis_v2.1
3,12,17,7,UNSTABLE_TRANSITION,2024-07-05T06:40:00+00:00,2024-07-05T08:40:00+00:00,2.0,3,14.0,37.0,14.0,37.0,23.333,19.0,23.0,164.286,8.667,11.5,18.0,3.0,2.333,"{""LOW"": {""count"": 3, ""percent"": 100.0}}","{""UNSTABLE_TRANSITION"": {""count"": 3, ""percent"": 100.0}}",129.933,0.0,2,OK,0.824,HIGH,"[""LOW_LOCAL_VARIABILITY"", ""RAW_SMOOTHED_DISAGREEMENT"", ""REPEATED_SIGN_CHANGES"", ""SHORT_MEDIUM_SLOPE_AGREEMENT"", ""SHORT_MEDIUM_SLOPE_DISAGREEMENT"", ""SLOPE_NEAR_THRESHOLD"", ""SUFFICIENT_WINDOW""]",regime_analysis_v2.1,episode_analysis_v2.1,v2.1_low100.0_high200.0_trend15.0_short3_medium6_persist2,unstable transition,4.333,0.824,HIGH,episode_analysis_v2.1
3,12,18,1,QUALITY_AFFECTED,2024-07-05T20:40:00+00:00,2024-07-05T20:40:00+00:00,0.0,1,5.0,5.0,5.0,5.0,5.0,5.0,0,0.0,N/A,N/A,N/A,N/A,0.0,"{""LOW"": {""count"": 1, ""percent"": 100.0}}","{""QUALITY_AFFECTED"": {""count"": 1, ""percent"": 100.0}}",0.0,37.0,2,QUALITY_AFFECTED,0.25,LOW,"[""INSUFFICIENT_WINDOW"", ""LOW_LOCAL_VARIABILITY"", ""NEAR_GAP""]",regime_analysis_v2.1,episode_analysis_v2.1,v2.1_low100.0_high200.0_trend15.0_short3_medium6_persist2,quality affected,N/A,0.25,LOW,episode_analysis_v2.1
3,12,18,2,UNSTABLE_TRANSITION,2024-07-05T21:40:00+00:00,2024-07-07T09:40:00+00:00,36.0,37,18.0,64.0,5.0,64.0,17.838,16.0,46.0,255.556,1.595,1.278,34.0,-12.0,3.811,"{""LOW"": {""count"": 37, ""percent"": 100.0}}","{""UNSTABLE_TRANSITION"": {""count"": 37, ""percent"": 100.0}}",1.0,0.0,2,LOW_CONFIDENCE,0.852,HIGH,"[""INSUFFICIENT_WINDOW"", ""LOW_LOCAL_VARIABILITY"", ""NEAR_GAP"", ""PERSISTENCE_ADJUSTED_STATE"", ""RAW_SMOOTHED_DISAGREEMENT"", ""REPEATED_SIGN_CHANGES"", ""SHORT_MEDIUM_SLOPE_AGREEMENT"", ""SHORT_MEDIUM_SLOPE_DISAGREEMENT"", ""SLOPE_NEAR_THRESHOLD"", ""SLOPE_WITHIN_STABLE_THRESHOLD"", ""SUFFICIENT_WINDOW""]",regime_analysis_v2.1,episode_analysis_v2.1,v2.1_low100.0_high200.0_trend15.0_short3_medium6_persist2,unstable transition,1.311,0.852,HIGH,episode_analysis_v2.1
3,12,19,1,QUALITY_AFFECTED,2024-07-07T23:40:00+00:00,2024-07-07T23:40:00+00:00,0.0,1,119.0,119.0,119.0,119.0,119.0,119.0,0,0.0,N/A,N/A,N/A,N/A,0.0,"{""ELEVATED"": {""count"": 1, ""percent"": 100.0}}","{""QUALITY_AFFECTED"": {""count"": 1, ""percent"": 100.0}}",0.0,58.0,2,QUALITY_AFFECTED,0.25,LOW,"[""INSUFFICIENT_WINDOW"", ""LOW_LOCAL_VARIABILITY"", ""NEAR_GAP""]",regime_analysis_v2.1,episode_analysis_v2.1,v2.1_low100.0_high200.0_trend15.0_short3_medium6_persist2,quality affected,N/A,0.25,LOW,episode_analysis_v2.1
3,12,19,2,UNSTABLE_TRANSITION,2024-07-08T00:40:00+00:00,2024-07-08T01:40:00+00:00,1.0,2,47.0,26.0,26.0,47.0,36.5,36.5,-21.0,-44.681,-46.5,-21.0,-21.0,-72.0,28.5,"{""LOW"": {""count"": 2, ""percent"": 100.0}}","{""UNSTABLE_TRANSITION"": {""count"": 2, ""percent"": 100.0}}",1.0,56.0,2,LOW_CONFIDENCE,0.575,MEDIUM,"[""HIGH_LOCAL_VARIABILITY"", ""INSUFFICIENT_WINDOW"", ""NEAR_GAP"", ""SHORT_MEDIUM_SLOPE_AGREEMENT"", ""SUFFICIENT_WINDOW""]",regime_analysis_v2.1,episode_analysis_v2.1,v2.1_low100.0_high200.0_trend15.0_short3_medium6_persist2,unstable transition,-59.25,0.575,MEDIUM,episode_analysis_v2.1
3,12,19,3,DECLINE,2024-07-08T02:40:00+00:00,2024-07-08T04:40:00+00:00,2.0,3,19.0,16.0,16.0,19.0,17.667,18.0,-3.0,-15.789,-3.333,-1.5,-1.0,-7.0,9.167,"{""LOW"": {""count"": 3, ""percent"": 100.0}}","{""FALLING"": {""count"": 3, ""percent"": 100.0}}",3.0,53.0,2,OK,0.893,HIGH,"[""LOW_LOCAL_VARIABILITY"", ""SHORT_MEDIUM_SLOPE_AGREEMENT"", ""SHORT_SLOPE_NEGATIVE"", ""SLOPE_NEAR_THRESHOLD"", ""SUFFICIENT_WINDOW""]",regime_analysis_v2.1,episode_analysis_v2.1,v2.1_low100.0_high200.0_trend15.0_short3_medium6_persist2,controlled or natural decline,-6.5,0.893,HIGH,episode_analysis_v2.1
3,12,19,4,UNSTABLE_TRANSITION,2024-07-08T05:40:00+00:00,2024-07-08T08:40:00+00:00,3.0,4,11.0,32.0,11.0,32.0,22.5,23.5,21.0,190.909,4.0,7.0,9.0,-5.0,3.25,"{""LOW"": {""count"": 4, ""percent"": 100.0}}","{""UNSTABLE_TRANSITION"": {""count"": 4, ""percent"": 100.0}}",6.0,49.0,2,OK,0.908,HIGH,"[""LOW_LOCAL_VARIABILITY"", ""SHORT_MEDIUM_SLOPE_AGREEMENT"", ""SHORT_MEDIUM_SLOPE_DISAGREEMENT"", ""SLOPE_NEAR_THRESHOLD"", ""SUFFICIENT_WINDOW""]",regime_analysis_v2.1,episode_analysis_v2.1,v2.1_low100.0_high200.0_trend15.0_short3_medium6_persist2,unstable transition,3.25,0.908,HIGH,episode_analysis_v2.1
3,12,19,5,STABLE_LOW,2024-07-08T09:40:00+00:00,2024-07-08T10:40:00+00:00,1.0,2,33.0,35.0,33.0,35.0,34.0,34.0,2.0,6.061,1.5,2.0,2.0,1.0,6.0,"{""LOW"": {""count"": 2, ""percent"": 100.0}}","{""STABLE"": {""count"": 2, ""percent"": 100.0}}",10.0,47.0,2,OK,0.913,HIGH,"[""LONG_STABLE_DURATION"", ""LOW_LOCAL_VARIABILITY"", ""SHORT_MEDIUM_SLOPE_AGREEMENT"", ""SLOPE_WITHIN_STABLE_THRESHOLD"", ""SUFFICIENT_WINDOW""]",regime_analysis_v2.1,episode_analysis_v2.1,v2.1_low100.0_high200.0_trend15.0_short3_medium6_persist2,stable low,2.0,0.913,HIGH,episode_analysis_v2.1
3,12,19,6,UNSTABLE_TRANSITION,2024-07-08T11:40:00+00:00,2024-07-08T16:40:00+00:00,5.0,6,16.0,5.0,5.0,21.0,13.0,12.5,-11.0,-68.75,-5.0,-2.2,10.0,-19.0,4.667,"{""LOW"": {""count"": 6, ""percent"": 100.0}}","{""UNSTABLE_TRANSITION"": {""count"": 6, ""percent"": 100.0}}",12.0,41.0,2,OK,0.863,HIGH,"[""LOW_LOCAL_VARIABILITY"", ""RAW_SMOOTHED_DISAGREEMENT"", ""REPEATED_SIGN_CHANGES"", ""SHORT_MEDIUM_SLOPE_AGREEMENT"", ""SHORT_MEDIUM_SLOPE_DISAGREEMENT"", ""SLOPE_NEAR_THRESHOLD"", ""SUFFICIENT_WINDOW""]",regime_analysis_v2.1,episode_analysis_v2.1,v2.1_low100.0_high200.0_trend15.0_short3_medium6_persist2,unstable transition,-4.333,0.863,HIGH,episode_analysis_v2.1
3,12,19,7,STABLE_LOW,2024-07-08T17:40:00+00:00,2024-07-08T18:40:00+00:00,1.0,2,2.0,2.0,2.0,2.0,2.0,2.0,0.0,0.0,-1.5,0.0,0.0,-3.0,5.25,"{""LOW"": {""count"": 2, ""percent"": 100.0}}","{""STABLE"": {""count"": 2, ""percent"": 100.0}}",18.0,39.0,2,OK,0.92,HIGH,"[""LONG_STABLE_DURATION"", ""LOW_LOCAL_VARIABILITY"", ""SHORT_MEDIUM_SLOPE_AGREEMENT"", ""SLOPE_WITHIN_STABLE_THRESHOLD"", ""SUFFICIENT_WINDOW""]",regime_analysis_v2.1,episode_analysis_v2.1,v2.1_low100.0_high200.0_trend15.0_short3_medium6_persist2,stable low,-3.0,0.92,HIGH,episode_analysis_v2.1
3,12,19,8,UNSTABLE_TRANSITION,2024-07-08T19:40:00+00:00,2024-07-10T09:40:00+00:00,38.0,39,5.0,19.0,5.0,39.0,22.179,23.0,14.0,280.0,0.436,0.368,14.0,-23.0,3.769,"{""LOW"": {""count"": 39, ""percent"": 100.0}}","{""UNSTABLE_TRANSITION"": {""count"": 39, ""percent"": 100.0}}",20.0,0.0,2,OK,0.874,HIGH,"[""LOW_LOCAL_VARIABILITY"", ""RAW_SMOOTHED_DISAGREEMENT"", ""REPEATED_SIGN_CHANGES"", ""SHORT_MEDIUM_SLOPE_AGREEMENT"", ""SHORT_MEDIUM_SLOPE_DISAGREEMENT"", ""SLOPE_NEAR_THRESHOLD"", ""SUFFICIENT_WINDOW""]",regime_analysis_v2.1,episode_analysis_v2.1,v2.1_low100.0_high200.0_trend15.0_short3_medium6_persist2,unstable transition,0.462,0.874,HIGH,episode_analysis_v2.1
3,12,20,1,QUALITY_AFFECTED,2024-07-10T19:40:00+00:00,2024-07-10T19:40:00+00:00,0.0,1,9.0,9.0,9.0,9.0,9.0,9.0,0,0.0,N/A,N/A,N/A,N/A,0.0,"{""LOW"": {""count"": 1, ""percent"": 100.0}}","{""QUALITY_AFFECTED"": {""count"": 1, ""percent"": 100.0}}",0.0,7.0,2,QUALITY_AFFECTED,0.25,LOW,"[""INSUFFICIENT_WINDOW"", ""LOW_LOCAL_VARIABILITY"", ""NEAR_GAP""]",regime_analysis_v2.1,episode_analysis_v2.1,v2.1_low100.0_high200.0_trend15.0_short3_medium6_persist2,quality affected,N/A,0.25,LOW,episode_analysis_v2.1
3,12,20,2,STABLE_LOW,2024-07-10T20:40:00+00:00,2024-07-10T21:40:00+00:00,1.0,2,14.0,2.0,2.0,14.0,8.0,8.0,-12.0,-85.714,-3.5,-12.0,5.0,-12.0,3.75,"{""LOW"": {""count"": 2, ""percent"": 100.0}}","{""STABLE"": {""count"": 2, ""percent"": 100.0}}",1.0,5.0,2,LOW_CONFIDENCE,0.653,MEDIUM,"[""INSUFFICIENT_WINDOW"", ""LONG_STABLE_DURATION"", ""LOW_LOCAL_VARIABILITY"", ""NEAR_GAP"", ""SHORT_MEDIUM_SLOPE_AGREEMENT"", ""SLOPE_WITHIN_STABLE_THRESHOLD"", ""SUFFICIENT_WINDOW""]",regime_analysis_v2.1,episode_analysis_v2.1,v2.1_low100.0_high200.0_trend15.0_short3_medium6_persist2,stable low,0.75,0.653,MEDIUM,episode_analysis_v2.1
3,12,20,3,UNSTABLE_TRANSITION,2024-07-10T22:40:00+00:00,2024-07-11T02:40:00+00:00,4.0,5,5.0,11.0,5.0,26.0,14.8,14.0,6.0,120.0,1.8,1.5,13.0,-15.0,5.2,"{""LOW"": {""count"": 5, ""percent"": 100.0}}","{""UNSTABLE_TRANSITION"": {""count"": 5, ""percent"": 100.0}}",3.0,0.0,2,OK,0.87,HIGH,"[""LOW_LOCAL_VARIABILITY"", ""RAW_SMOOTHED_DISAGREEMENT"", ""REPEATED_SIGN_CHANGES"", ""SHORT_MEDIUM_SLOPE_AGREEMENT"", ""SHORT_MEDIUM_SLOPE_DISAGREEMENT"", ""SUFFICIENT_WINDOW""]",regime_analysis_v2.1,episode_analysis_v2.1,v2.1_low100.0_high200.0_trend15.0_short3_medium6_persist2,unstable transition,2.1,0.87,HIGH,episode_analysis_v2.1
3,12,21,1,QUALITY_AFFECTED,2024-07-11T04:40:00+00:00,2024-07-11T05:40:00+00:00,1.0,2,7.0,23.0,7.0,23.0,15.0,15.0,16.0,228.571,16.0,16.0,16.0,16.0,4.0,"{""LOW"": {""count"": 2, ""percent"": 100.0}}","{""QUALITY_AFFECTED"": {""count"": 2, ""percent"": 100.0}}",0.0,3.0,2,QUALITY_AFFECTED,0.278,LOW,"[""INSUFFICIENT_WINDOW"", ""LOW_LOCAL_VARIABILITY"", ""NEAR_GAP"", ""PERSISTENCE_ADJUSTED_STATE"", ""SHORT_MEDIUM_SLOPE_AGREEMENT"", ""SHORT_SLOPE_POSITIVE"", ""SLOPE_NEAR_THRESHOLD""]",regime_analysis_v2.1,episode_analysis_v2.1,v2.1_low100.0_high200.0_trend15.0_short3_medium6_persist2,quality affected,16.0,0.278,LOW,episode_analysis_v2.1
3,12,21,2,UNSTABLE_TRANSITION,2024-07-11T06:40:00+00:00,2024-07-11T08:40:00+00:00,2.0,3,19.0,21.0,19.0,21.0,20.333,21.0,2.0,10.526,-0.667,1.0,2.0,-4.0,2.667,"{""LOW"": {""count"": 3, ""percent"": 100.0}}","{""UNSTABLE_TRANSITION"": {""count"": 3, ""percent"": 100.0}}",2.0,0.0,2,OK,0.818,HIGH,"[""LOW_LOCAL_VARIABILITY"", ""RAW_SMOOTHED_DISAGREEMENT"", ""REPEATED_SIGN_CHANGES"", ""SHORT_MEDIUM_SLOPE_AGREEMENT"", ""SHORT_MEDIUM_SLOPE_DISAGREEMENT"", ""SUFFICIENT_WINDOW""]",regime_analysis_v2.1,episode_analysis_v2.1,v2.1_low100.0_high200.0_trend15.0_short3_medium6_persist2,unstable transition,2.0,0.818,HIGH,episode_analysis_v2.1
3,12,22,1,QUALITY_AFFECTED,2024-07-11T18:40:00+00:00,2024-07-11T18:40:00+00:00,0.0,1,7.0,7.0,7.0,7.0,7.0,7.0,0,0.0,N/A,N/A,N/A,N/A,0.0,"{""LOW"": {""count"": 1, ""percent"": 100.0}}","{""QUALITY_AFFECTED"": {""count"": 1, ""percent"": 100.0}}",0.0,14.0,2,QUALITY_AFFECTED,0.25,LOW,"[""INSUFFICIENT_WINDOW"", ""LOW_LOCAL_VARIABILITY"", ""NEAR_GAP""]",regime_analysis_v2.1,episode_analysis_v2.1,v2.1_low100.0_high200.0_trend15.0_short3_medium6_persist2,quality affected,N/A,0.25,LOW,episode_analysis_v2.1
3,12,22,2,STABLE_LOW,2024-07-11T19:40:00+00:00,2024-07-11T21:40:00+00:00,2.0,3,5.0,11.0,5.0,11.0,7.667,7.0,6.0,120.0,1.333,3.0,4.0,-2.0,0.667,"{""LOW"": {""count"": 3, ""percent"": 100.0}}","{""STABLE"": {""count"": 3, ""percent"": 100.0}}",1.0,11.0,2,LOW_CONFIDENCE,0.694,MEDIUM,"[""INSUFFICIENT_WINDOW"", ""LONG_STABLE_DURATION"", ""LOW_LOCAL_VARIABILITY"", ""NEAR_GAP"", ""SHORT_MEDIUM_SLOPE_AGREEMENT"", ""SLOPE_WITHIN_STABLE_THRESHOLD"", ""SUFFICIENT_WINDOW""]",regime_analysis_v2.1,episode_analysis_v2.1,v2.1_low100.0_high200.0_trend15.0_short3_medium6_persist2,stable low,0.333,0.694,MEDIUM,episode_analysis_v2.1
3,12,22,3,UNSTABLE_TRANSITION,2024-07-11T22:40:00+00:00,2024-07-12T01:40:00+00:00,3.0,4,5.0,11.0,5.0,11.0,9.0,10.0,6.0,120.0,0.0,2.0,4.0,-6.0,2.0,"{""LOW"": {""count"": 4, ""percent"": 100.0}}","{""UNSTABLE_TRANSITION"": {""count"": 4, ""percent"": 100.0}}",4.0,7.0,2,OK,0.86,HIGH,"[""LOW_LOCAL_VARIABILITY"", ""RAW_SMOOTHED_DISAGREEMENT"", ""REPEATED_SIGN_CHANGES"", ""SHORT_MEDIUM_SLOPE_AGREEMENT"", ""SHORT_MEDIUM_SLOPE_DISAGREEMENT"", ""SUFFICIENT_WINDOW""]",regime_analysis_v2.1,episode_analysis_v2.1,v2.1_low100.0_high200.0_trend15.0_short3_medium6_persist2,unstable transition,0.5,0.86,HIGH,episode_analysis_v2.1
3,12,22,4,STABLE_LOW,2024-07-12T02:40:00+00:00,2024-07-12T03:40:00+00:00,1.0,2,11.0,18.0,11.0,18.0,14.5,14.5,7.0,63.636,3.5,7.0,7.0,0.0,0.5,"{""LOW"": {""count"": 2, ""percent"": 100.0}}","{""STABLE"": {""count"": 2, ""percent"": 100.0}}",8.0,5.0,2,OK,0.862,HIGH,"[""LONG_STABLE_DURATION"", ""LOW_LOCAL_VARIABILITY"", ""SHORT_MEDIUM_SLOPE_AGREEMENT"", ""SLOPE_WITHIN_STABLE_THRESHOLD"", ""SUFFICIENT_WINDOW""]",regime_analysis_v2.1,episode_analysis_v2.1,v2.1_low100.0_high200.0_trend15.0_short3_medium6_persist2,stable low,1.75,0.862,HIGH,episode_analysis_v2.1
3,12,22,5,UNSTABLE_TRANSITION,2024-07-12T04:40:00+00:00,2024-07-12T08:40:00+00:00,4.0,5,23.0,5.0,5.0,39.0,16.6,11.0,-18.0,-78.261,-2.6,-4.5,16.0,-34.0,5.1,"{""LOW"": {""count"": 5, ""percent"": 100.0}}","{""UNSTABLE_TRANSITION"": {""count"": 5, ""percent"": 100.0}}",10.0,0.0,2,OK,0.833,HIGH,"[""LOW_LOCAL_VARIABILITY"", ""RAW_SMOOTHED_DISAGREEMENT"", ""REPEATED_SIGN_CHANGES"", ""SHORT_MEDIUM_SLOPE_AGREEMENT"", ""SLOPE_NEAR_THRESHOLD"", ""SUFFICIENT_WINDOW""]",regime_analysis_v2.1,episode_analysis_v2.1,v2.1_low100.0_high200.0_trend15.0_short3_medium6_persist2,unstable transition,-1.3,0.833,HIGH,episode_analysis_v2.1
3,12,23,1,QUALITY_AFFECTED,2024-07-12T12:40:00+00:00,2024-07-12T12:40:00+00:00,0.0,1,19.0,19.0,19.0,19.0,19.0,19.0,0,0.0,N/A,N/A,N/A,N/A,0.0,"{""LOW"": {""count"": 1, ""percent"": 100.0}}","{""QUALITY_AFFECTED"": {""count"": 1, ""percent"": 100.0}}",0.0,42.0,2,QUALITY_AFFECTED,0.25,LOW,"[""INSUFFICIENT_WINDOW"", ""LOW_LOCAL_VARIABILITY"", ""NEAR_GAP""]",regime_analysis_v2.1,episode_analysis_v2.1,v2.1_low100.0_high200.0_trend15.0_short3_medium6_persist2,quality affected,N/A,0.25,LOW,episode_analysis_v2.1
3,12,23,2,UNSTABLE_TRANSITION,2024-07-12T13:40:00+00:00,2024-07-14T06:40:00+00:00,41.0,42,7.0,18.0,2.0,30.0,11.69,10.0,11.0,157.143,-0.024,0.268,16.0,-17.0,3.81,"{""LOW"": {""count"": 42, ""percent"": 100.0}}","{""UNSTABLE_TRANSITION"": {""count"": 42, ""percent"": 100.0}}",1.0,0.0,2,LOW_CONFIDENCE,0.839,HIGH,"[""INSUFFICIENT_WINDOW"", ""LOW_LOCAL_VARIABILITY"", ""NEAR_GAP"", ""PERSISTENCE_ADJUSTED_STATE"", ""RAW_SMOOTHED_DISAGREEMENT"", ""REPEATED_SIGN_CHANGES"", ""SHORT_MEDIUM_SLOPE_AGREEMENT"", ""SHORT_MEDIUM_SLOPE_DISAGREEMENT"", ""SLOPE_NEAR_THRESHOLD"", ""SLOPE_WITHIN_STABLE_THRESHOLD"", ""SUFFICIENT_WINDOW""]",regime_analysis_v2.1,episode_analysis_v2.1,v2.1_low100.0_high200.0_trend15.0_short3_medium6_persist2,unstable transition,-0.298,0.839,HIGH,episode_analysis_v2.1
3,12,24,1,QUALITY_AFFECTED,2024-07-14T08:40:00+00:00,2024-07-14T08:40:00+00:00,0.0,1,23.0,23.0,23.0,23.0,23.0,23.0,0,0.0,N/A,N/A,N/A,N/A,0.0,"{""LOW"": {""count"": 1, ""percent"": 100.0}}","{""QUALITY_AFFECTED"": {""count"": 1, ""percent"": 100.0}}",0.0,115.0,2,QUALITY_AFFECTED,0.25,LOW,"[""INSUFFICIENT_WINDOW"", ""LOW_LOCAL_VARIABILITY"", ""NEAR_GAP""]",regime_analysis_v2.1,episode_analysis_v2.1,v2.1_low100.0_high200.0_trend15.0_short3_medium6_persist2,quality affected,N/A,0.25,LOW,episode_analysis_v2.1
3,12,24,2,STABLE_LOW,2024-07-14T09:40:00+00:00,2024-07-14T11:40:00+00:00,2.0,3,28.0,23.0,23.0,33.0,28.0,28.0,-5.0,-17.857,0.0,-2.5,5.0,-10.0,3.333,"{""LOW"": {""count"": 3, ""percent"": 100.0}}","{""STABLE"": {""count"": 3, ""percent"": 100.0}}",1.0,112.0,2,LOW_CONFIDENCE,0.711,MEDIUM,"[""INSUFFICIENT_WINDOW"", ""LONG_STABLE_DURATION"", ""LOW_LOCAL_VARIABILITY"", ""NEAR_GAP"", ""SHORT_MEDIUM_SLOPE_AGREEMENT"", ""SLOPE_WITHIN_STABLE_THRESHOLD"", ""SUFFICIENT_WINDOW""]",regime_analysis_v2.1,episode_analysis_v2.1,v2.1_low100.0_high200.0_trend15.0_short3_medium6_persist2,stable low,2.5,0.711,MEDIUM,episode_analysis_v2.1
3,12,24,3,UNSTABLE_TRANSITION,2024-07-14T12:40:00+00:00,2024-07-14T18:40:00+00:00,6.0,7,16.0,11.0,9.0,19.0,12.571,11.0,-5.0,-31.25,-1.714,-0.833,8.0,-10.0,3.929,"{""LOW"": {""count"": 7, ""percent"": 100.0}}","{""UNSTABLE_TRANSITION"": {""count"": 7, ""percent"": 100.0}}",4.0,105.0,2,OK,0.864,HIGH,"[""LOW_LOCAL_VARIABILITY"", ""RAW_SMOOTHED_DISAGREEMENT"", ""REPEATED_SIGN_CHANGES"", ""SHORT_MEDIUM_SLOPE_AGREEMENT"", ""SHORT_MEDIUM_SLOPE_DISAGREEMENT"", ""SLOPE_NEAR_THRESHOLD"", ""SUFFICIENT_WINDOW""]",regime_analysis_v2.1,episode_analysis_v2.1,v2.1_low100.0_high200.0_trend15.0_short3_medium6_persist2,unstable transition,-2.429,0.864,HIGH,episode_analysis_v2.1
3,12,24,4,STABLE_LOW,2024-07-14T19:40:00+00:00,2024-07-14T20:40:00+00:00,1.0,2,19.0,11.0,11.0,19.0,15.0,15.0,-8.0,-42.105,0.0,-8.0,8.0,-8.0,0.5,"{""LOW"": {""count"": 2, ""percent"": 100.0}}","{""STABLE"": {""count"": 2, ""percent"": 100.0}}",11.0,103.0,2,OK,0.814,HIGH,"[""LONG_STABLE_DURATION"", ""LOW_LOCAL_VARIABILITY"", ""SLOPE_WITHIN_STABLE_THRESHOLD"", ""SUFFICIENT_WINDOW""]",regime_analysis_v2.1,episode_analysis_v2.1,v2.1_low100.0_high200.0_trend15.0_short3_medium6_persist2,stable low,2.0,0.814,HIGH,episode_analysis_v2.1
3,12,24,5,UNSTABLE_TRANSITION,2024-07-14T21:40:00+00:00,2024-07-19T03:40:00+00:00,102.0,103,14.0,37.0,2.0,46.0,16.427,16.0,23.0,164.286,0.252,0.225,28.0,-23.0,3.748,"{""LOW"": {""count"": 103, ""percent"": 100.0}}","{""UNSTABLE_TRANSITION"": {""count"": 103, ""percent"": 100.0}}",13.0,0.0,2,OK,0.838,HIGH,"[""LOW_LOCAL_VARIABILITY"", ""PERSISTENCE_ADJUSTED_STATE"", ""RAW_SMOOTHED_DISAGREEMENT"", ""REPEATED_SIGN_CHANGES"", ""SHORT_MEDIUM_SLOPE_AGREEMENT"", ""SHORT_MEDIUM_SLOPE_DISAGREEMENT"", ""SLOPE_NEAR_THRESHOLD"", ""SLOPE_WITHIN_STABLE_THRESHOLD"", ""SUFFICIENT_WINDOW""]",regime_analysis_v2.1,episode_analysis_v2.1,v2.1_low100.0_high200.0_trend15.0_short3_medium6_persist2,unstable transition,0.112,0.838,HIGH,episode_analysis_v2.1
3,12,25,1,QUALITY_AFFECTED,2024-07-19T05:40:00+00:00,2024-07-19T06:40:00+00:00,1.0,2,9.0,26.0,9.0,26.0,17.5,17.5,17.0,188.889,17.0,17.0,17.0,17.0,4.25,"{""LOW"": {""count"": 2, ""percent"": 100.0}}","{""QUALITY_AFFECTED"": {""count"": 2, ""percent"": 100.0}}",0.0,132.0,2,QUALITY_AFFECTED,0.281,LOW,"[""INSUFFICIENT_WINDOW"", ""LOW_LOCAL_VARIABILITY"", ""NEAR_GAP"", ""PERSISTENCE_ADJUSTED_STATE"", ""SHORT_MEDIUM_SLOPE_AGREEMENT"", ""SHORT_SLOPE_POSITIVE"", ""SLOPE_NEAR_THRESHOLD""]",regime_analysis_v2.1,episode_analysis_v2.1,v2.1_low100.0_high200.0_trend15.0_short3_medium6_persist2,quality affected,17.0,0.281,LOW,episode_analysis_v2.1
3,12,25,2,UNSTABLE_TRANSITION,2024-07-19T07:40:00+00:00,2024-07-20T02:40:00+00:00,19.0,20,11.0,14.0,0.0,28.0,11.75,11.0,3.0,27.273,-0.6,0.158,17.0,-15.0,3.85,"{""LOW"": {""count"": 20, ""percent"": 100.0}}","{""UNSTABLE_TRANSITION"": {""count"": 20, ""percent"": 100.0}}",2.0,112.0,2,OK,0.828,HIGH,"[""LOW_LOCAL_VARIABILITY"", ""RAW_SMOOTHED_DISAGREEMENT"", ""REPEATED_SIGN_CHANGES"", ""SHORT_MEDIUM_SLOPE_AGREEMENT"", ""SHORT_MEDIUM_SLOPE_DISAGREEMENT"", ""SUFFICIENT_WINDOW""]",regime_analysis_v2.1,episode_analysis_v2.1,v2.1_low100.0_high200.0_trend15.0_short3_medium6_persist2,unstable transition,-0.25,0.828,HIGH,episode_analysis_v2.1
3,12,25,3,STABLE_LOW,2024-07-20T03:40:00+00:00,2024-07-20T04:40:00+00:00,1.0,2,16.0,7.0,7.0,16.0,11.5,11.5,-9.0,-56.25,-3.5,-9.0,2.0,-9.0,3.0,"{""LOW"": {""count"": 2, ""percent"": 100.0}}","{""STABLE"": {""count"": 2, ""percent"": 100.0}}",22.0,110.0,2,OK,0.82,HIGH,"[""LONG_STABLE_DURATION"", ""LOW_LOCAL_VARIABILITY"", ""SLOPE_WITHIN_STABLE_THRESHOLD"", ""SUFFICIENT_WINDOW""]",regime_analysis_v2.1,episode_analysis_v2.1,v2.1_low100.0_high200.0_trend15.0_short3_medium6_persist2,stable low,-0.5,0.82,HIGH,episode_analysis_v2.1
3,12,25,4,UNSTABLE_TRANSITION,2024-07-20T05:40:00+00:00,2024-07-20T18:40:00+00:00,13.0,14,21.0,2.0,0.0,21.0,6.071,2.0,-19.0,-90.476,-0.357,-1.462,14.0,-11.0,3.679,"{""LOW"": {""count"": 14, ""percent"": 100.0}}","{""UNSTABLE_TRANSITION"": {""count"": 14, ""percent"": 100.0}}",24.0,96.0,2,OK,0.866,HIGH,"[""LOW_LOCAL_VARIABILITY"", ""PERSISTENCE_ADJUSTED_STATE"", ""RAW_SMOOTHED_DISAGREEMENT"", ""REPEATED_SIGN_CHANGES"", ""SHORT_MEDIUM_SLOPE_AGREEMENT"", ""SHORT_MEDIUM_SLOPE_DISAGREEMENT"", ""SLOPE_WITHIN_STABLE_THRESHOLD"", ""SUFFICIENT_WINDOW""]",regime_analysis_v2.1,episode_analysis_v2.1,v2.1_low100.0_high200.0_trend15.0_short3_medium6_persist2,unstable transition,-0.679,0.866,HIGH,episode_analysis_v2.1
3,12,25,5,STABLE_LOW,2024-07-20T19:40:00+00:00,2024-07-20T22:40:00+00:00,3.0,4,2.0,11.0,2.0,11.0,8.25,10.0,9.0,450.0,2.25,3.0,7.0,0.0,1.125,"{""LOW"": {""count"": 4, ""percent"": 100.0}}","{""STABLE"": {""count"": 4, ""percent"": 100.0}}",38.0,92.0,2,OK,0.89,HIGH,"[""LONG_STABLE_DURATION"", ""LOW_LOCAL_VARIABILITY"", ""SHORT_MEDIUM_SLOPE_AGREEMENT"", ""SLOPE_WITHIN_STABLE_THRESHOLD"", ""SUFFICIENT_WINDOW""]",regime_analysis_v2.1,episode_analysis_v2.1,v2.1_low100.0_high200.0_trend15.0_short3_medium6_persist2,stable low,2.25,0.89,HIGH,episode_analysis_v2.1
3,12,25,6,UNSTABLE_TRANSITION,2024-07-20T23:40:00+00:00,2024-07-21T17:40:00+00:00,18.0,19,7.0,5.0,0.0,30.0,11.737,11.0,-2.0,-28.571,-0.316,-0.111,19.0,-12.0,3.342,"{""LOW"": {""count"": 19, ""percent"": 100.0}}","{""UNSTABLE_TRANSITION"": {""count"": 19, ""percent"": 100.0}}",42.0,73.0,2,OK,0.865,HIGH,"[""LOW_LOCAL_VARIABILITY"", ""PERSISTENCE_ADJUSTED_STATE"", ""RAW_SMOOTHED_DISAGREEMENT"", ""REPEATED_SIGN_CHANGES"", ""SHORT_MEDIUM_SLOPE_AGREEMENT"", ""SHORT_MEDIUM_SLOPE_DISAGREEMENT"", ""SLOPE_NEAR_THRESHOLD"", ""SLOPE_WITHIN_STABLE_THRESHOLD"", ""SUFFICIENT_WINDOW""]",regime_analysis_v2.1,episode_analysis_v2.1,v2.1_low100.0_high200.0_trend15.0_short3_medium6_persist2,unstable transition,-0.263,0.865,HIGH,episode_analysis_v2.1
3,12,25,7,STABLE_LOW,2024-07-21T18:40:00+00:00,2024-07-21T22:40:00+00:00,4.0,5,5.0,14.0,2.0,14.0,6.2,5.0,9.0,180.0,1.8,2.25,12.0,-3.0,0.6,"{""LOW"": {""count"": 5, ""percent"": 100.0}}","{""STABLE"": {""count"": 5, ""percent"": 100.0}}",61.0,68.0,2,OK,0.869,HIGH,"[""LONG_STABLE_DURATION"", ""LOW_LOCAL_VARIABILITY"", ""SHORT_MEDIUM_SLOPE_AGREEMENT"", ""SLOPE_WITHIN_STABLE_THRESHOLD"", ""SUFFICIENT_WINDOW""]",regime_analysis_v2.1,episode_analysis_v2.1,v2.1_low100.0_high200.0_trend15.0_short3_medium6_persist2,stable low,0.4,0.869,HIGH,episode_analysis_v2.1
3,12,25,8,UNSTABLE_TRANSITION,2024-07-21T23:40:00+00:00,2024-07-22T02:40:00+00:00,3.0,4,11.0,11.0,7.0,11.0,10.0,11.0,0.0,0.0,-0.75,0.0,4.0,-4.0,2.125,"{""LOW"": {""count"": 4, ""percent"": 100.0}}","{""UNSTABLE_TRANSITION"": {""count"": 4, ""percent"": 100.0}}",66.0,64.0,2,OK,0.842,HIGH,"[""LOW_LOCAL_VARIABILITY"", ""RAW_SMOOTHED_DISAGREEMENT"", ""REPEATED_SIGN_CHANGES"", ""SHORT_MEDIUM_SLOPE_AGREEMENT"", ""SHORT_MEDIUM_SLOPE_DISAGREEMENT"", ""SUFFICIENT_WINDOW""]",regime_analysis_v2.1,episode_analysis_v2.1,v2.1_low100.0_high200.0_trend15.0_short3_medium6_persist2,unstable transition,0.75,0.842,HIGH,episode_analysis_v2.1
3,12,25,9,STABLE_LOW,2024-07-22T03:40:00+00:00,2024-07-22T06:40:00+00:00,3.0,4,11.0,11.0,11.0,16.0,13.0,12.5,0.0,0.0,0.0,0.0,3.0,-5.0,0.375,"{""LOW"": {""count"": 4, ""percent"": 100.0}}","{""STABLE"": {""count"": 4, ""percent"": 100.0}}",70.0,60.0,2,OK,0.859,HIGH,"[""LONG_STABLE_DURATION"", ""LOW_LOCAL_VARIABILITY"", ""SHORT_MEDIUM_SLOPE_AGREEMENT"", ""SLOPE_WITHIN_STABLE_THRESHOLD"", ""SUFFICIENT_WINDOW""]",regime_analysis_v2.1,episode_analysis_v2.1,v2.1_low100.0_high200.0_trend15.0_short3_medium6_persist2,stable low,0.625,0.859,HIGH,episode_analysis_v2.1
3,12,25,10,UNSTABLE_TRANSITION,2024-07-22T07:40:00+00:00,2024-07-23T03:40:00+00:00,20.0,21,16.0,9.0,7.0,25.0,14.19,14.0,-7.0,-43.75,-0.095,-0.35,10.0,-18.0,2.714,"{""LOW"": {""count"": 21, ""percent"": 100.0}}","{""UNSTABLE_TRANSITION"": {""count"": 21, ""percent"": 100.0}}",74.0,39.0,2,OK,0.827,HIGH,"[""LOW_LOCAL_VARIABILITY"", ""RAW_SMOOTHED_DISAGREEMENT"", ""REPEATED_SIGN_CHANGES"", ""SHORT_MEDIUM_SLOPE_AGREEMENT"", ""SHORT_MEDIUM_SLOPE_DISAGREEMENT"", ""SUFFICIENT_WINDOW""]",regime_analysis_v2.1,episode_analysis_v2.1,v2.1_low100.0_high200.0_trend15.0_short3_medium6_persist2,unstable transition,-0.167,0.827,HIGH,episode_analysis_v2.1
3,12,25,11,STABLE_LOW,2024-07-23T04:40:00+00:00,2024-07-23T06:40:00+00:00,2.0,3,7.0,16.0,0.0,16.0,7.667,7.0,9.0,128.571,2.333,4.5,16.0,-7.0,3.167,"{""LOW"": {""count"": 3, ""percent"": 100.0}}","{""STABLE"": {""count"": 3, ""percent"": 100.0}}",95.0,36.0,2,OK,0.924,HIGH,"[""LONG_STABLE_DURATION"", ""LOW_LOCAL_VARIABILITY"", ""SHORT_MEDIUM_SLOPE_AGREEMENT"", ""SLOPE_WITHIN_STABLE_THRESHOLD"", ""SUFFICIENT_WINDOW""]",regime_analysis_v2.1,episode_analysis_v2.1,v2.1_low100.0_high200.0_trend15.0_short3_medium6_persist2,stable low,-0.667,0.924,HIGH,episode_analysis_v2.1
3,12,25,12,UNSTABLE_TRANSITION,2024-07-23T07:40:00+00:00,2024-07-24T00:40:00+00:00,17.0,18,5.0,11.0,0.0,23.0,9.389,10.0,6.0,120.0,-0.278,0.353,11.0,-16.0,3.111,"{""LOW"": {""count"": 18, ""percent"": 100.0}}","{""UNSTABLE_TRANSITION"": {""count"": 18, ""percent"": 100.0}}",98.0,18.0,2,OK,0.844,HIGH,"[""LOW_LOCAL_VARIABILITY"", ""RAW_SMOOTHED_DISAGREEMENT"", ""REPEATED_SIGN_CHANGES"", ""SHORT_MEDIUM_SLOPE_AGREEMENT"", ""SHORT_MEDIUM_SLOPE_DISAGREEMENT"", ""SUFFICIENT_WINDOW""]",regime_analysis_v2.1,episode_analysis_v2.1,v2.1_low100.0_high200.0_trend15.0_short3_medium6_persist2,unstable transition,0.111,0.844,HIGH,episode_analysis_v2.1
3,12,25,13,STABLE_LOW,2024-07-24T01:40:00+00:00,2024-07-24T03:40:00+00:00,2.0,3,16.0,16.0,16.0,19.0,17.0,16.0,0.0,0.0,1.667,0.0,5.0,-3.0,2.5,"{""LOW"": {""count"": 3, ""percent"": 100.0}}","{""STABLE"": {""count"": 3, ""percent"": 100.0}}",116.0,15.0,2,OK,0.883,HIGH,"[""LONG_STABLE_DURATION"", ""LOW_LOCAL_VARIABILITY"", ""SHORT_MEDIUM_SLOPE_AGREEMENT"", ""SLOPE_WITHIN_STABLE_THRESHOLD"", ""SUFFICIENT_WINDOW""]",regime_analysis_v2.1,episode_analysis_v2.1,v2.1_low100.0_high200.0_trend15.0_short3_medium6_persist2,stable low,2.5,0.883,HIGH,episode_analysis_v2.1
3,12,25,14,UNSTABLE_TRANSITION,2024-07-24T04:40:00+00:00,2024-07-24T18:40:00+00:00,14.0,15,23.0,11.0,2.0,23.0,13.667,11.0,-12.0,-52.174,-0.333,-0.857,14.0,-12.0,2.467,"{""LOW"": {""count"": 15, ""percent"": 100.0}}","{""UNSTABLE_TRANSITION"": {""count"": 15, ""percent"": 100.0}}",119.0,0.0,2,OK,0.82,HIGH,"[""LOW_LOCAL_VARIABILITY"", ""RAW_SMOOTHED_DISAGREEMENT"", ""REPEATED_SIGN_CHANGES"", ""SHORT_MEDIUM_SLOPE_AGREEMENT"", ""SHORT_MEDIUM_SLOPE_DISAGREEMENT"", ""SUFFICIENT_WINDOW""]",regime_analysis_v2.1,episode_analysis_v2.1,v2.1_low100.0_high200.0_trend15.0_short3_medium6_persist2,unstable transition,-0.033,0.82,HIGH,episode_analysis_v2.1
3,12,26,1,QUALITY_AFFECTED,2024-07-24T20:40:00+00:00,2024-07-24T21:40:00+00:00,1.0,2,9.0,16.0,9.0,16.0,12.5,12.5,7.0,77.778,7.0,7.0,7.0,7.0,1.75,"{""LOW"": {""count"": 2, ""percent"": 100.0}}","{""QUALITY_AFFECTED"": {""count"": 2, ""percent"": 100.0}}",0.0,N/A,1,QUALITY_AFFECTED,0.324,LOW,"[""INSUFFICIENT_WINDOW"", ""LOW_LOCAL_VARIABILITY"", ""NEAR_GAP"", ""PERSISTENCE_ADJUSTED_STATE"", ""SHORT_MEDIUM_SLOPE_AGREEMENT"", ""SLOPE_NEAR_THRESHOLD""]",regime_analysis_v2.1,episode_analysis_v2.1,v2.1_low100.0_high200.0_trend15.0_short3_medium6_persist2,quality affected,7.0,0.324,LOW,episode_analysis_v2.1
3,12,26,2,UNSTABLE_TRANSITION,2024-07-24T22:40:00+00:00,2024-07-25T10:40:00+00:00,12.0,13,9.0,11.0,2.0,33.0,15.231,14.0,2.0,22.222,-0.385,0.167,28.0,-17.0,4.115,"{""LOW"": {""count"": 13, ""percent"": 100.0}}","{""UNSTABLE_TRANSITION"": {""count"": 13, ""percent"": 100.0}}",2.0,N/A,1,OK,0.873,HIGH,"[""LOW_LOCAL_VARIABILITY"", ""PERSISTENCE_ADJUSTED_STATE"", ""RAW_SMOOTHED_DISAGREEMENT"", ""REPEATED_SIGN_CHANGES"", ""SHORT_MEDIUM_SLOPE_AGREEMENT"", ""SHORT_MEDIUM_SLOPE_DISAGREEMENT"", ""SLOPE_NEAR_THRESHOLD"", ""SLOPE_WITHIN_STABLE_THRESHOLD"", ""SUFFICIENT_WINDOW""]",regime_analysis_v2.1,episode_analysis_v2.1,v2.1_low100.0_high200.0_trend15.0_short3_medium6_persist2,unstable transition,0.077,0.873,HIGH,episode_analysis_v2.1
